accelerationMean,accelerationStd,clickCount,curvatureMean,curvatureStd,dwellMeanMs,dwellStdMs,flightMeanMs,flightStdMs,keysPerSec,mouseTravelPx,scrollAmount,velocityMean,velocityStd,label
-6.69009,51.779402,0.0,0.037617,0.024119,0.0,0.0,0.0,0.0,0.0,511.98,0.0,4044.8073,1558.7363,0
-1.446969,27.320499,6.0,0.225612,0.490177,0.0,0.0,0.0,0.0,0.0,9566.47,4219.0,1145.2801,1818.5785,0
-4.501642,25.28148,3.0,0.320651,0.55556,125.91,31.51,482.09,474.38,0.5,1453.46,0.0,950.0656,1324.2265,1
-1.035827,17.397089,5.0,0.28039,0.540465,139.87,35.85,399.95,390.77,1.8,1598.26,116.67,923.9319,1353.7653,0
-0.190369,5.859754,30.0,0.293155,0.424853,0.0,0.0,0.0,0.0,0.0,5153.26,500.0,350.937,347.5825,0
-1.916907,20.415089,13.0,0.316554,0.629742,0.0,0.0,0.0,0.0,0.0,4222.81,7062.22,833.1165,967.6568,0
0.0,0.0,0.0,0.0,0.0,156.89,33.36,482.91,458.0,1.97,0.0,0.0,0.0,0.0,0
0.0,0.0,0.0,0.0,0.0,0.0,0.0,0.0,0.0,0.0,0.0,0.0,0.0,0.0,0
-0.513904,20.933074,6.0,0.200378,0.252752,0.0,0.0,0.0,0.0,0.0,5843.04,9149.0,1133.6194,1441.6053,0
-8.843638,34.296873,0.0,0.367294,0.578064,0.0,0.0,0.0,0.0,0.0,2904.73,0.0,1966.8849,1962.0141,0
13.548779,31.072311,0.0,0.4972,0.923957,0.0,0.0,0.0,0.0,0.0,395.13,0.0,2955.9098,1754.7363,0
-1.6066,26.919468,5.0,0.275319,0.532815,0.0,0.0,0.0,0.0,0.0,4365.77,3585.56,1220.0965,1381.134,0
0.0,0.0,0.0,0.0,0.0,0.0,0.0,0.0,0.0,0.0,0.0,0.0,0.0,0.0,0
0.0,0.0,0.0,0.0,0.0,0.0,0.0,0.0,0.0,0.0,0.0,0.0,0.0,0.0,1
0.0,0.0,0.0,0.0,0.0,0.0,0.0,0.0,0.0,0.0,0.0,0.0,0.0,0.0,1
-2.430894,19.815663,2.0,0.435466,0.489786,118.69,74.38,378.96,416.21,2.33,1007.26,0.0,735.2853,1194.512,1
-0.457573,19.442221,0.0,0.296548,0.415745,0.0,0.0,0.0,0.0,0.0,5163.37,0.0,823.0961,1043.7843,0
-0.039447,15.982985,5.0,0.260883,0.393906,148.87,284.37,397.09,444.86,1.8,2251.64,0.0,792.9699,1116.2791,0
0.0,0.0,0.0,0.0,0.0,105.24,21.2,591.84,617.27,0.67,0.0,0.0,0.0,0.0,1
-0.803159,17.336577,7.0,0.267448,0.473826,151.58,36.17,377.38,368.63,2.0,2835.24,0.0,830.8447,1119.9304,0
-0.572536,17.028593,4.0,0.355295,0.547105,140.95,31.79,501.6,450.39,0.77,3087.49,1621.67,700.1195,973.9141,0
0.0,0.0,0.0,0.0,0.0,0.0,0.0,0.0,0.0,0.0,0.0,0.0,0.0,0.0,1
-0.286434,1.812196,0.0,0.268158,0.388945,0.0,0.0,0.0,0.0,0.0,77.37,1599.0,97.3738,95.3468,0
0.0,0.0,0.0,0.0,0.0,0.0,0.0,0.0,0.0,0.0,0.0,0.0,0.0,0.0,0
-1.336964,20.113584,3.0,0.363321,0.546791,0.0,0.0,0.0,0.0,0.0,1997.83,379.0,595.6181,841.1739,1
-0.294437,29.127612,0.0,0.295501,0.354026,0.0,0.0,0.0,0.0,0.0,530.59,0.0,2092.7133,1414.4834,0
-1.22698,29.146086,3.0,0.254941,0.506543,157.6,32.74,384.5,359.69,2.17,1089.03,256.67,931.3075,1578.498,0
2.677451,12.06952,0.0,0.467637,0.623593,164.5,45.58,529.63,494.83,1.37,354.56,451.11,834.9509,878.6064,0
-0.494825,8.497257,1.0,0.331786,0.492997,0.0,0.0,0.0,0.0,0.0,483.16,490.0,412.9236,430.4466,0
-2.045251,16.75513,1.0,0.382344,0.594381,0.0,0.0,0.0,0.0,0.0,1092.41,183.0,848.3037,905.8838,1
0.0,0.0,2.0,0.0,0.0,0.0,0.0,0.0,0.0,0.0,0.0,0.0,0.0,0.0,1
-0.641439,9.687928,2.0,0.418601,0.440055,142.81,28.77,417.67,409.04,2.0,882.01,0.0,484.018,758.4232,0
0.329542,15.760715,2.0,0.271192,0.480544,86.71,23.72,304.5,307.92,2.83,1180.29,0.0,822.3595,881.5887,0
-3.263391,21.961308,3.0,0.361222,0.589792,0.0,0.0,0.0,0.0,0.0,2682.67,2562.0,962.395,1235.0984,1
-0.200003,19.606566,4.0,0.248164,0.508446,90.46,32.36,302.76,352.78,1.13,1622.33,0.0,789.8779,1169.3305,0
-2.890666,18.800698,0.0,0.265087,0.679624,172.63,137.34,491.8,550.08,0.3,300.71,0.0,931.3582,640.1866,1
-0.969458,16.329179,5.0,0.312371,0.467979,157.61,32.08,375.14,326.96,1.73,2795.37,54.44,793.119,1091.7234,0
-1.736162,10.358902,4.0,0.428689,0.636643,0.0,0.0,0.0,0.0,0.0,768.36,599.0,410.3583,545.8377,1
-0.669375,17.735953,9.0,0.194343,0.332706,0.0,0.0,0.0,0.0,0.0,7430.21,3759.0,732.4179,1115.9029,0
-1.769025,23.443622,4.0,0.186343,0.391456,153.63,38.68,452.89,405.87,1.53,1389.17,0.0,1193.64,1461.6625,0
-1.179634,22.702652,0.0,0.264501,0.395246,0.0,0.0,0.0,0.0,0.0,3156.96,0.0,960.5291,1816.1927,0
-0.560656,18.610578,5.0,0.259395,0.481967,0.0,0.0,0.0,0.0,0.0,3903.39,843.89,874.6734,1083.7432,0
0.0,0.0,0.0,0.0,0.0,156.12,30.04,422.63,412.36,2.13,0.0,0.0,0.0,0.0,0
-1.869435,32.467932,5.0,0.40663,0.560268,0.0,0.0,0.0,0.0,0.0,7149.28,920.0,1383.6151,1364.2331,1
-0.455248,12.187147,9.0,0.237424,0.384679,0.0,0.0,0.0,0.0,0.0,3364.21,1100.0,574.0222,654.7551,0
-2.154467,8.124946,1.0,0.405696,0.590006,0.0,0.0,0.0,0.0,0.0,239.52,0.0,300.1211,630.5721,1
-2.888415,19.240743,1.0,0.212068,0.451785,0.0,0.0,0.0,0.0,0.0,2447.46,0.0,1774.6171,1905.1807,0
-2.322472,18.954958,2.0,0.217422,0.334808,157.86,75.52,401.69,344.54,2.07,1126.53,0.0,1149.7162,1347.7911,0
-2.967034,30.25977,5.0,0.296908,0.582719,116.81,29.06,413.72,396.83,1.87,3063.45,0.0,1171.1575,1630.2544,1
-0.500761,18.832021,11.0,0.227677,0.363321,0.0,0.0,0.0,0.0,0.0,10291.36,3200.0,904.7646,1286.9385,0
0.0,0.0,0.0,0.0,0.0,0.0,0.0,0.0,0.0,0.0,0.0,0.0,0.0,0.0,0
-0.610439,30.655214,3.0,0.288803,0.523184,85.03,25.71,334.83,288.0,1.5,5578.99,3876.0,1360.6166,1665.4806,0
-1.006957,23.333984,4.0,0.233511,0.418095,0.0,0.0,0.0,0.0,0.0,9571.32,1118.0,1154.2428,1522.8893,0
-0.138112,6.415676,29.0,0.278294,0.379298,0.0,0.0,0.0,0.0,0.0,5307.01,400.0,333.6939,368.3502,0
-0.500675,12.204785,0.0,0.151818,0.135761,153.07,45.15,429.36,444.44,1.97,62.43,0.0,621.6752,278.6267,0
2.25017,20.685407,1.0,0.097519,0.082117,0.0,0.0,0.0,0.0,0.0,628.16,0.0,1548.8258,1669.8025,0
-0.706546,20.649944,4.0,0.265803,0.431433,0.0,0.0,0.0,0.0,0.0,6234.01,300.0,999.2031,1358.3753,0
-1.841921,23.679184,2.0,0.216233,0.434526,158.54,55.36,404.61,435.17,2.1,1908.36,0.0,1154.8618,1589.2456,0
-1.605439,19.839886,1.0,0.144541,0.190565,0.0,0.0,0.0,0.0,0.0,1552.18,377.0,926.7402,1266.9215,0
-3.835942,31.371268,3.0,0.289125,0.440928,107.72,151.89,317.18,358.82,2.93,1027.13,0.0,904.9793,1157.6224,0
-0.573582,17.76202,1.0,0.409249,0.64102,0.0,0.0,0.0,0.0,0.0,1401.77,0.0,764.8372,1532.8943,0
0.0,0.0,0.0,0.0,0.0,180.9,45.56,511.69,508.5,1.8,0.0,0.0,0.0,0.0,0
-1.487202,11.52056,0.0,0.057441,0.079222,0.0,0.0,0.0,0.0,0.0,111.43,321.0,511.594,395.88,1
-3.110848,51.367499,3.0,0.331034,0.441557,0.0,0.0,0.0,0.0,0.0,5572.1,2370.0,2600.2513,2355.0033,1
-0.131566,15.245886,11.0,0.230849,0.39194,0.0,0.0,0.0,0.0,0.0,11671.43,1900.0,765.5523,1031.8882,0
1.515869,33.230348,2.0,0.308439,0.569341,0.0,0.0,0.0,0.0,0.0,7767.03,62.0,1388.4109,2105.2525,0
-0.183695,21.531033,0.0,0.285471,0.40468,0.0,0.0,0.0,0.0,0.0,2760.19,0.0,806.3102,1468.5049,0
0.0,0.0,0.0,0.0,0.0,0.0,0.0,0.0,0.0,0.0,0.0,0.0,0.0,0.0,0
-1.752911,20.834996,6.0,0.259512,0.466608,203.32,222.82,656.72,585.85,0.57,2321.2,373.33,754.5078,994.2597,0
0.0,0.0,0.0,0.0,0.0,0.0,0.0,0.0,0.0,0.0,0.0,0.0,0.0,0.0,0
-1.365033,25.65966,3.0,0.212371,0.327747,91.16,32.18,227.88,215.63,1.33,2117.68,0.0,1232.3346,1792.8135,0
-0.68485,19.722923,2.0,0.234728,0.42078,0.0,0.0,0.0,0.0,0.0,3377.98,8189.0,864.3277,1122.0007,0
-2.426463,16.212445,5.0,0.370323,0.534861,108.33,19.67,345.14,368.29,2.3,2211.55,0.0,747.8725,1162.0468,1
-0.258297,22.769775,4.0,0.311014,0.409572,85.17,24.78,337.73,397.14,2.33,2223.2,0.0,645.0496,1047.1179,0
-0.817822,15.304862,7.0,0.330251,0.496001,88.98,21.26,339.8,297.3,1.97,2487.61,0.0,754.3048,1066.6292,0
0.0,0.0,0.0,0.0,0.0,0.0,0.0,0.0,0.0,0.0,0.0,0.0,0.0,0.0,0
-0.387952,19.635082,5.0,0.269183,0.410425,0.0,0.0,0.0,0.0,0.0,5777.6,3200.0,771.9076,1191.4282,0
0.0,0.0,0.0,0.0,0.0,0.0,0.0,0.0,0.0,0.0,0.0,0.0,0.0,0.0,0
0.0,0.0,0.0,0.0,0.0,143.54,33.84,386.51,375.15,2.23,0.0,0.0,0.0,0.0,0
-1.545984,11.99927,10.0,0.424045,0.555483,0.0,0.0,0.0,0.0,0.0,3115.56,1144.0,387.2844,652.1399,1
-3.904626,28.026915,3.0,0.356763,0.502156,125.69,76.52,386.33,384.86,1.43,3183.13,0.0,1065.1651,1651.3953,1
0.0,0.0,0.0,0.0,0.0,0.0,0.0,0.0,0.0,0.0,0.0,0.0,0.0,0.0,0
-1.484016,12.342455,1.0,0.347849,0.401257,0.0,0.0,0.0,0.0,0.0,410.76,0.0,541.5007,601.0598,1
-1.069336,23.256607,3.0,0.268215,0.567558,144.75,27.51,408.35,425.75,1.47,1529.58,400.56,986.5062,1499.9404,0
-0.704893,11.405128,3.0,0.354724,0.545509,110.15,22.03,500.03,504.22,1.07,715.97,0.0,306.3636,514.6345,1
0.0,0.0,0.0,0.0,0.0,81.87,22.92,328.8,272.69,3.13,0.0,0.0,0.0,0.0,0
0.0,0.0,1.0,0.0,0.0,91.05,23.32,313.67,309.03,2.7,0.0,0.0,0.0,0.0,0
-0.614527,9.409991,13.0,0.354541,0.558413,9.7,0.0,2000.0,0.0,0.03,2557.6,964.44,523.3421,594.7041,0
-1.175349,22.387992,8.0,0.317282,0.529198,79.55,35.81,751.59,730.14,0.27,6732.91,892.0,1108.3008,1656.683,0
0.0,0.0,0.0,0.0,0.0,0.0,0.0,0.0,0.0,0.0,0.0,0.0,0.0,0.0,1
-1.440218,18.725631,0.0,0.133062,0.301435,148.44,70.39,355.35,253.11,2.27,941.01,0.0,1030.2457,1170.6538,0
0.0,0.0,0.0,0.0,0.0,90.83,24.36,360.26,362.42,2.43,0.0,0.0,0.0,0.0,0
0.0,0.0,0.0,0.0,0.0,0.0,0.0,0.0,0.0,0.0,0.0,2323.0,0.0,0.0,0
-5.102841,44.010828,0.0,0.224127,0.16711,0.0,0.0,0.0,0.0,0.0,1036.27,0.0,2264.081,1925.6493,0
-0.12466,16.249076,1.0,0.237081,0.269856,83.93,24.74,295.99,239.05,1.93,1152.39,0.0,743.3065,800.8227,0
-0.053816,16.742976,7.0,0.324054,0.545115,122.64,40.07,676.4,651.68,0.33,2533.55,0.0,738.5416,1045.2916,0
0.0,0.0,0.0,0.0,0.0,102.9,98.99,312.46,293.28,3.23,0.0,0.0,0.0,0.0,0
-0.38744,14.138747,6.0,0.253583,0.311372,90.81,20.52,385.15,400.3,1.97,2582.56,0.0,653.4227,761.4067,0
-0.384234,8.098284,1.0,0.297854,0.345225,160.77,206.63,440.58,430.15,1.87,529.97,300.0,301.3095,407.6664,0
-1.74106,25.176463,2.0,0.260138,0.39888,94.38,31.5,413.02,436.6,2.23,1551.13,0.0,1019.4699,1451.9571,0
0.064345,8.434346,1.0,0.330679,0.37552,0.0,0.0,0.0,0.0,0.0,476.58,2556.0,298.143,565.9115,0
-0.29028,1.505616,2.0,0.22143,0.255358,87.29,23.56,338.79,350.25,2.73,24.68,0.0,99.5948,60.5425,0
-0.279527,24.892997,6.0,0.219676,0.387333,95.73,24.7,473.43,524.92,1.3,3740.09,0.0,990.077,1473.7522,0
-0.242796,18.979914,1.0,0.316919,0.470908,0.0,0.0,0.0,0.0,0.0,2749.95,0.0,829.9985,1177.9334,0
-0.843838,21.488207,3.0,0.49677,0.602073,169.95,70.95,420.13,352.01,2.1,1371.99,0.0,902.415,1646.2735,0
-1.799491,23.503774,3.0,0.245545,0.511538,98.25,33.66,371.71,366.96,2.33,1007.13,0.0,876.1047,1245.858,0
-0.906011,14.129149,10.0,0.307786,0.53982,149.84,32.18,476.02,565.63,0.6,3662.18,202.22,585.2857,740.7777,0
-1.063017,6.438242,3.0,0.170597,0.277183,116.83,36.54,370.06,241.65,1.31,360.25,0.0,403.7882,497.7551,0
-1.529864,20.208304,11.0,0.35984,0.489001,0.0,0.0,0.0,0.0,0.0,2497.08,2228.0,684.4785,853.9727,1
-0.069139,8.659184,35.0,0.284052,0.38484,0.0,0.0,0.0,0.0,0.0,7908.94,800.0,435.7881,473.4053,0
-0.707714,22.748556,3.0,0.312668,0.530298,258.34,412.24,479.12,306.81,0.63,3283.17,85.56,1033.607,1534.571,0
-0.305283,14.735954,7.0,0.248007,0.363614,129.48,57.47,766.16,718.12,0.17,5247.69,3300.0,609.2699,960.0628,0
0.0,0.0,0.0,0.0,0.0,0.0,0.0,0.0,0.0,0.0,0.0,0.0,0.0,0.0,0
0.0,0.0,0.0,0.0,0.0,0.0,0.0,0.0,0.0,0.0,0.0,0.0,0.0,0.0,0
3.653373,41.170875,0.0,0.075593,0.058906,0.0,0.0,0.0,0.0,0.0,864.14,0.0,2484.0078,1880.0085,0
-1.29997,20.532037,1.0,0.245614,0.470213,0.0,0.0,0.0,0.0,0.0,4350.16,591.11,1007.4697,1039.5639,0
-9.600253,49.004366,0.0,0.079315,0.072357,0.0,0.0,0.0,0.0,0.0,915.78,0.0,1978.5155,2454.2063,0
-2.531674,17.653104,4.0,0.289192,0.495489,115.52,28.0,374.25,395.09,2.23,2054.71,0.0,693.5259,1023.9832,1
-0.856473,7.14922,15.0,0.399988,0.506689,0.0,0.0,0.0,0.0,0.0,2618.97,827.0,267.5915,382.1751,1
0.0,0.0,0.0,0.0,0.0,0.0,0.0,0.0,0.0,0.0,0.0,0.0,0.0,0.0,0
0.0,0.0,0.0,0.0,0.0,162.53,35.73,536.62,517.73,1.5,0.0,0.0,0.0,0.0,0
-1.452596,11.455983,12.0,0.348353,0.52996,0.0,0.0,0.0,0.0,0.0,2416.01,1669.0,400.0162,579.5986,1
-0.655691,8.070363,23.0,0.340985,0.483321,0.0,0.0,0.0,0.0,0.0,3338.05,956.67,392.9129,404.5746,0
0.0,0.0,0.0,0.0,0.0,161.51,42.69,519.86,446.1,1.57,0.0,0.0,0.0,0.0,0
0.0,0.0,0.0,0.0,0.0,104.71,46.2,376.83,376.66,2.67,0.0,0.0,0.0,0.0,0
0.578841,34.886596,0.0,0.187314,0.307833,0.0,0.0,0.0,0.0,0.0,2357.72,0.0,2147.2246,2426.8276,0
-0.55123,23.991791,4.0,0.251597,0.532829,0.0,0.0,0.0,0.0,0.0,3035.15,1030.56,1312.8452,1350.3674,0
-1.150289,24.600257,12.0,0.243233,0.556784,0.0,0.0,0.0,0.0,0.0,5295.79,2216.67,988.0325,1418.1472,0
-0.789316,6.173437,23.0,0.422244,0.628448,0.0,0.0,0.0,0.0,0.0,484.38,1751.0,197.1141,352.3145,1
-1.132341,21.606851,5.0,0.324391,0.483371,0.0,0.0,0.0,0.0,0.0,1729.85,0.0,1003.6262,1425.9252,0
-1.390205,19.263289,2.0,0.238396,0.412536,0.0,0.0,0.0,0.0,0.0,3264.8,2641.0,908.3938,1502.3379,0
-0.900345,8.104238,3.0,0.379411,0.594238,0.0,0.0,0.0,0.0,0.0,677.81,587.22,411.4444,629.1932,0
0.0,0.0,0.0,0.0,0.0,0.0,0.0,0.0,0.0,0.0,0.0,0.0,0.0,0.0,0
-0.367307,52.155586,0.0,0.166412,0.119785,0.0,0.0,0.0,0.0,0.0,1010.25,0.0,2914.6635,2430.5431,0
-0.550446,19.856585,2.0,0.376714,0.710128,101.21,94.47,345.59,351.55,1.63,821.2,0.0,888.0094,1049.2625,0
0.0,0.0,0.0,0.0,0.0,0.0,0.0,0.0,0.0,0.0,0.0,0.0,0.0,0.0,0
-4.376663,21.489786,2.0,0.367827,0.749714,0.0,0.0,0.0,0.0,0.0,1323.64,2521.0,1088.7791,1211.1832,1
-2.441441,16.302003,1.0,0.240973,0.433479,0.0,0.0,0.0,0.0,0.0,1842.71,2142.0,832.2097,980.9651,1
-0.359531,16.635416,4.0,0.233552,0.375768,92.3,22.23,348.53,367.94,2.2,2357.23,0.0,887.0411,968.4058,0
-1.239202,27.727618,6.0,0.230759,0.46219,0.0,0.0,0.0,0.0,0.0,5302.26,1543.0,893.7541,1549.3392,0
-0.50517,9.845724,3.0,0.295675,0.38512,0.0,0.0,0.0,0.0,0.0,2446.22,3600.0,531.1058,638.9525,0
-8.901882,46.161696,2.0,0.322981,0.521381,118.48,66.47,355.98,296.52,2.4,1625.77,0.0,1323.6321,1784.4957,1
-3.640447,44.444693,0.0,0.113023,0.164982,0.0,0.0,0.0,0.0,0.0,1265.29,441.0,1943.8896,2485.2413,0
-2.892876,22.788177,6.0,0.372734,0.499138,112.09,23.02,378.2,377.34,1.47,2466.84,1286.0,730.0073,1211.1147,1
-0.476454,7.119001,2.0,0.552346,0.717067,0.0,0.0,0.0,0.0,0.0,471.14,516.0,227.129,380.3208,1
0.0,0.0,0.0,0.0,0.0,0.0,0.0,0.0,0.0,0.0,0.0,0.0,0.0,0.0,1
-1.497579,15.950844,7.0,0.293164,0.529232,148.74,25.23,716.07,786.56,0.37,2942.09,237.22,681.2921,863.1204,0
-0.457581,5.1126,1.0,0.503186,0.714221,156.79,36.02,342.95,284.85,0.5,136.66,0.0,325.9763,268.8886,0
-0.004943,0.159308,1.0,0.785398,0.785398,0.0,0.0,0.0,0.0,0.0,3.0,0.0,25.3944,7.5506,1
-0.297543,3.977385,1.0,0.225337,0.47032,154.9,17.8,1285.1,714.9,0.07,1477.69,65.0,174.498,324.3136,1
-0.793838,13.297797,1.0,0.255036,0.489224,149.22,28.1,326.35,269.7,2.7,865.76,35.0,954.0517,632.7253,0
-0.554729,8.445452,9.0,0.39556,0.606969,158.3,160.54,683.13,668.13,0.53,823.57,0.0,411.799,605.9837,0
-1.211223,28.344816,15.0,0.277633,0.552999,126.19,41.26,498.43,616.26,0.23,4823.46,7027.22,1117.2024,1539.3792,0
-0.088767,15.3602,4.0,0.234562,0.394241,74.8,20.72,366.33,296.96,1.5,3325.42,2741.0,862.9917,1170.7255,0
-0.129931,6.513262,30.0,0.287793,0.386596,0.0,0.0,0.0,0.0,0.0,6144.05,600.0,358.6964,350.6596,0
-1.966851,18.479895,1.0,0.276444,0.436651,0.0,0.0,0.0,0.0,0.0,1145.99,614.0,823.5991,813.831,1
-0.80078,14.188291,8.0,0.174391,0.291946,0.0,0.0,0.0,0.0,0.0,4493.6,1756.0,754.6498,1152.2752,0
-0.481869,18.940866,2.0,0.322739,0.504508,0.0,0.0,0.0,0.0,0.0,3549.51,0.0,1445.6847,1398.1756,0
-0.27502,14.581358,4.0,0.266283,0.385364,287.65,412.49,816.51,658.53,0.87,1828.65,0.0,664.2829,955.304,0
-0.870709,20.547064,3.0,0.194326,0.354482,0.0,0.0,0.0,0.0,0.0,6952.62,4027.0,855.897,1364.8796,0
-0.167593,14.881076,11.0,0.239822,0.405203,0.0,0.0,0.0,0.0,0.0,10148.67,0.0,694.7712,817.0838,0
0.0,0.0,0.0,0.0,0.0,181.87,68.41,731.21,571.63,1.13,0.0,0.0,0.0,0.0,0
0.0,0.0,0.0,0.0,0.0,0.0,0.0,0.0,0.0,0.0,0.0,0.0,0.0,0.0,0
-0.60234,18.060763,6.0,0.211745,0.440022,0.0,0.0,0.0,0.0,0.0,5680.42,2807.0,870.2135,1208.3592,0
-0.031928,10.257499,3.0,0.244417,0.358771,0.0,0.0,0.0,0.0,0.0,5633.35,0.0,522.981,799.3691,0
-0.232055,11.566027,5.0,0.365099,0.585198,284.09,150.9,1002.86,613.77,0.27,752.18,0.0,570.986,712.5127,0
-0.590535,27.440696,4.0,0.322537,0.456895,89.1,23.01,413.15,433.5,2.03,1810.93,0.0,883.4758,1238.1123,0
-1.08547,15.258888,1.0,0.263015,0.47642,0.0,0.0,0.0,0.0,0.0,2043.07,723.33,864.7091,975.2225,0
-0.899631,9.355566,2.0,0.258412,0.390774,0.0,0.0,0.0,0.0,0.0,2350.77,3100.0,615.7747,729.9296,0
0.0,0.0,0.0,0.0,0.0,0.0,0.0,0.0,0.0,0.0,0.0,0.0,0.0,0.0,1
-0.209252,8.848393,31.0,0.300133,0.402652,0.0,0.0,0.0,0.0,0.0,7706.97,700.0,432.027,513.0696,0
-0.53476,19.762594,3.0,0.216486,0.285044,0.0,0.0,0.0,0.0,0.0,4419.65,3451.0,958.9151,1309.2086,0
-0.30895,4.39267,2.0,0.258927,0.337188,86.33,25.06,276.7,307.93,1.47,142.85,0.0,233.0044,185.9647,0
0.081797,17.582286,3.0,0.298121,0.464401,129.84,223.89,496.51,509.19,1.67,1423.62,0.0,685.9921,941.2187,0
-1.655043,21.865295,17.0,0.275113,0.630014,0.0,0.0,0.0,0.0,0.0,4847.5,1586.67,998.3073,1311.233,0
0.0,0.0,0.0,0.0,0.0,0.0,0.0,0.0,0.0,0.0,0.0,0.0,0.0,0.0,1
-2.032776,30.541979,1.0,0.311048,0.378976,89.25,24.57,410.5,422.25,1.17,1014.81,0.0,1416.5329,1927.0723,0
-1.189605,16.787715,11.0,0.241411,0.533595,0.0,0.0,0.0,0.0,0.0,3565.05,999.44,843.5227,987.7926,0
0.0,0.0,0.0,0.0,0.0,164.65,31.16,572.85,504.05,1.27,0.0,0.0,0.0,0.0,0
-0.200843,12.537798,9.0,0.249145,0.371676,0.0,0.0,0.0,0.0,0.0,7959.63,5900.0,618.9147,755.9461,0
-0.852061,12.371177,4.0,0.240858,0.404929,0.0,0.0,0.0,0.0,0.0,2294.36,1118.0,593.5929,810.1835,0
-0.489747,19.874331,2.0,0.302426,0.490643,395.67,277.3,1729.33,382.78,0.1,3994.08,132.22,1019.297,1232.7057,0
0.310999,20.506024,7.0,0.23027,0.475764,0.0,0.0,0.0,0.0,0.0,3379.18,5769.0,735.6535,1350.4773,0
-1.810341,31.862818,5.0,0.357469,0.581866,96.8,32.23,392.75,340.31,2.33,1179.51,0.0,882.9322,1623.8765,0
-0.913574,29.077066,1.0,0.184195,0.525867,0.0,0.0,0.0,0.0,0.0,1134.9,1617.78,1174.7526,1098.6442,0
-0.086108,17.818198,7.0,0.255439,0.427993,93.1,24.34,466.17,521.66,1.53,3230.66,700.0,752.1728,925.093,0
-0.279808,5.755046,0.0,0.172442,0.350316,155.22,46.61,432.17,441.53,0.83,348.66,373.33,226.4532,379.9831,0
-3.317511,18.907988,0.0,0.316666,0.442415,215.69,309.54,511.18,484.49,1.7,524.96,0.0,702.8149,1011.0681,0
0.13924,21.152989,0.0,0.181405,0.256863,0.0,0.0,0.0,0.0,0.0,4449.57,0.0,903.4922,1054.8273,0
1.814916,23.632634,4.0,0.202324,0.26459,58.8,10.0,1126.7,873.3,0.1,1863.32,0.0,978.4647,1789.9821,0
-0.776179,22.449286,3.0,0.261936,0.460738,0.0,0.0,0.0,0.0,0.0,4318.33,2822.0,939.1131,1487.0567,0
-0.317788,8.715472,4.0,0.202182,0.3092,92.62,31.39,419.15,416.05,1.37,2354.14,0.0,389.7166,539.52,0
-0.616439,10.351967,3.0,0.205566,0.333965,87.42,25.93,295.38,272.75,2.77,1345.07,0.0,567.2743,699.5586,0
-0.332462,14.909107,11.0,0.253853,0.394208,0.0,0.0,0.0,0.0,0.0,8631.61,10300.0,707.5812,832.8653,0
-0.233224,21.903126,1.0,0.683175,0.699873,115.7,63.76,287.06,240.87,3.37,367.0,0.0,745.8577,1015.8862,1
0.0,0.0,0.0,0.0,0.0,0.0,0.0,0.0,0.0,0.0,0.0,0.0,0.0,0.0,1
-0.72358,31.611295,5.0,0.256878,0.356025,0.0,0.0,0.0,0.0,0.0,10532.24,8193.0,1893.4921,1795.2836,0
0.0,0.0,0.0,0.0,0.0,107.84,71.24,360.73,376.16,2.83,0.0,0.0,0.0,0.0,0
-1.841622,13.806804,1.0,0.447377,0.578019,0.0,0.0,0.0,0.0,0.0,433.01,0.0,599.1303,768.9831,1
-1.250945,23.195611,4.0,0.187112,0.262553,97.51,32.14,333.46,296.78,2.77,1239.61,0.0,783.2187,1288.8972,0
-0.553495,13.639243,8.0,0.318249,0.589623,158.23,40.23,1371.76,645.24,0.27,2072.97,0.0,470.2747,903.293,0
-2.552021,7.793277,0.0,0.598052,0.86026,0.0,0.0,0.0,0.0,0.0,80.7,1060.0,249.1091,332.4131,1
-1.185045,21.745239,4.0,0.379303,0.485311,149.94,35.7,473.75,454.96,1.6,2359.57,143.89,834.055,1254.3085,0
-2.042445,11.777645,3.0,0.226512,0.314631,148.52,249.19,452.3,405.82,1.97,1766.99,0.0,924.8745,1382.9925,0
-0.169789,22.701977,8.0,0.23262,0.441142,0.0,0.0,0.0,0.0,0.0,6721.05,4921.0,1001.3012,1508.2834,0
0.0,0.0,0.0,0.0,0.0,0.0,0.0,0.0,0.0,0.0,0.0,0.0,0.0,0.0,0
-1.337584,31.612199,3.0,0.240773,0.351436,0.0,0.0,0.0,0.0,0.0,3569.19,500.0,693.6466,961.2994,0
-2.123359,14.736581,5.0,0.290425,0.454831,0.0,0.0,0.0,0.0,0.0,2185.41,1347.0,543.9394,676.4742,1
-0.526077,8.839589,0.0,0.204375,0.301266,0.0,0.0,0.0,0.0,0.0,993.34,718.0,493.5627,667.4162,0
-0.786729,18.013359,2.0,0.263412,0.415116,113.99,230.94,415.58,461.62,1.87,1381.33,0.0,909.7218,1162.5424,0
0.0,0.0,0.0,0.0,0.0,0.0,0.0,0.0,0.0,0.0,0.0,0.0,0.0,0.0,0
-0.780507,20.148597,5.0,0.228457,0.361278,0.0,0.0,0.0,0.0,0.0,6495.35,1539.0,826.3385,1423.0714,0
-0.722495,18.093309,3.0,0.214225,0.425127,153.96,36.75,420.66,362.0,1.73,1334.97,357.78,742.745,948.6238,0
-3.182266,17.569923,2.0,0.336204,0.498039,111.85,26.15,366.11,364.26,2.17,1834.08,0.0,739.4525,1281.4596,1
0.0,0.0,0.0,0.0,0.0,162.22,33.85,357.02,309.55,2.7,0.0,0.0,0.0,0.0,0
-3.025378,14.854402,6.0,0.334186,0.59217,0.0,0.0,0.0,0.0,0.0,859.93,1278.0,651.5298,1068.1806,1
0.0,0.0,0.0,0.0,0.0,0.0,0.0,0.0,0.0,0.0,0.0,0.0,0.0,0.0,1
-0.943688,24.244446,9.0,0.205744,0.316104,0.0,0.0,0.0,0.0,0.0,14291.7,5042.0,1174.7611,1344.4347,0
3.831348,11.687182,0.0,0.07192,0.05207,0.0,0.0,0.0,0.0,0.0,73.51,0.0,816.1133,240.539,0
0.0,0.0,0.0,0.0,0.0,0.0,0.0,0.0,0.0,0.0,0.0,0.0,0.0,0.0,1
-1.25072,18.426818,10.0,0.298188,0.504977,0.0,0.0,0.0,0.0,0.0,3027.67,738.89,711.0455,989.1071,0
-0.716613,7.831153,2.0,0.214794,0.301154,0.0,0.0,0.0,0.0,0.0,439.48,151.0,478.5154,428.2573,0
-1.208893,20.817347,4.0,0.205912,0.430945,0.0,0.0,0.0,0.0,0.0,5462.1,1838.0,1006.788,1566.3355,0
-1.745895,27.836508,1.0,0.221324,0.430354,0.0,0.0,0.0,0.0,0.0,2421.79,1800.0,1486.5741,1747.7933,0
-1.726094,18.832069,7.0,0.356414,0.593427,0.0,0.0,0.0,0.0,0.0,2906.98,334.44,798.3479,1083.0214,0
0.0,0.0,0.0,0.0,0.0,0.0,0.0,0.0,0.0,0.0,0.0,0.0,0.0,0.0,0
-0.723229,16.896634,1.0,0.248539,0.398099,84.99,26.84,293.72,308.64,3.03,1225.21,0.0,714.737,782.307,0
-0.628442,15.391164,5.0,0.267933,0.400592,0.0,0.0,0.0,0.0,0.0,7816.17,8100.0,843.4813,1142.8924,0
0.0,0.0,0.0,0.0,0.0,0.0,0.0,0.0,0.0,0.0,0.0,0.0,0.0,0.0,1
-0.416127,18.373441,5.0,0.250944,0.385323,0.0,0.0,0.0,0.0,0.0,7764.22,1000.0,808.4326,1049.255,0
0.0,0.0,0.0,0.0,0.0,143.03,56.91,328.73,310.84,2.13,0.0,0.0,0.0,0.0,0
-3.569755,20.451883,5.0,0.31699,0.48498,127.37,94.82,398.24,396.7,2.17,2082.67,0.0,892.8348,1252.5011,1
-1.038436,10.395335,3.0,0.359366,0.455963,162.7,41.93,400.64,393.03,1.1,909.13,248.89,495.4961,727.6718,0
-2.702229,32.032037,6.0,0.28466,0.464406,157.52,32.39,472.45,426.61,0.77,3832.24,2453.89,888.9819,1238.2395,0
0.0,0.0,0.0,0.0,0.0,0.0,0.0,0.0,0.0,0.0,0.0,0.0,0.0,0.0,0
-0.078526,9.36138,27.0,0.281711,0.394543,0.0,0.0,0.0,0.0,0.0,6888.53,600.0,428.7463,567.9131,0
-1.593213,18.7361,3.0,0.165483,0.4483,0.0,0.0,0.0,0.0,0.0,1482.48,497.78,920.7331,1262.8803,0
0.0,0.0,0.0,0.0,0.0,0.0,0.0,0.0,0.0,0.0,0.0,0.0,0.0,0.0,1
-0.882878,13.339748,2.0,0.379042,0.532636,0.0,0.0,0.0,0.0,0.0,1415.84,200.0,384.7807,540.5238,0
0.0,0.0,0.0,0.0,0.0,0.0,0.0,0.0,0.0,0.0,0.0,0.0,0.0,0.0,1
-1.420479,9.519781,19.0,0.404688,0.554072,0.0,0.0,0.0,0.0,0.0,3247.79,824.0,345.2675,483.3355,1
-1.787022,30.451263,3.0,0.360472,0.646001,153.44,72.97,340.39,309.4,2.3,1851.21,400.56,1214.1358,1667.5847,0
0.0,0.0,0.0,0.0,0.0,87.25,25.94,326.71,346.17,3.13,0.0,0.0,0.0,0.0,0
-0.309972,67.915407,3.0,0.344901,0.598312,0.0,0.0,0.0,0.0,0.0,45755.63,0.0,3245.9717,3034.7752,0
-0.378201,8.130997,2.0,0.334519,0.529458,0.0,0.0,0.0,0.0,0.0,1126.95,1200.0,413.2029,689.2405,0
-2.62779,27.870216,2.0,0.328733,0.77107,131.32,28.37,392.16,310.08,2.07,761.74,0.0,1425.9882,1941.648,0
-0.178561,11.823123,3.0,0.259555,0.416769,83.34,22.05,309.97,330.79,2.63,1930.67,0.0,740.9352,660.7333,0
0.0,0.0,0.0,0.0,0.0,165.18,31.98,492.87,474.14,1.93,0.0,0.0,0.0,0.0,0
-0.358102,6.19484,0.0,0.236508,0.356685,90.7,30.48,376.89,406.24,1.87,379.62,0.0,276.429,281.1026,0
-0.312572,6.030464,1.0,0.307722,0.516211,142.4,0.0,2000.0,0.0,0.03,1574.07,0.0,286.9978,466.9155,1
-1.095762,19.298111,5.0,0.2888,0.461328,85.39,21.8,646.95,545.17,1.1,2873.85,2601.0,770.7403,1420.2037,0
-0.312096,16.220922,1.0,0.313999,0.559729,144.56,31.34,451.02,387.13,1.17,730.28,0.0,829.1269,880.5982,0
-3.685336,6.692157,2.0,0.569333,0.640556,0.0,0.0,0.0,0.0,0.0,65.64,1113.0,433.9767,371.2109,1
-0.157563,7.741014,3.0,0.244527,0.382042,0.0,0.0,0.0,0.0,0.0,5690.13,200.0,490.754,556.0352,0
-0.375845,20.377787,4.0,0.295054,0.45635,151.44,32.4,373.78,305.32,2.0,1876.06,0.0,875.1078,1437.0364,0
-2.543577,13.263978,2.0,0.32831,0.53939,0.0,0.0,0.0,0.0,0.0,1901.34,0.0,527.6982,719.6009,1
-0.424262,20.73791,4.0,0.268141,0.418327,134.51,200.23,474.57,429.29,1.73,1775.06,0.0,782.5999,1050.4556,0
-0.318269,67.962795,1.0,0.381599,0.5468,0.0,0.0,0.0,0.0,0.0,58511.74,808.0,4725.0642,3278.3783,0
-0.130138,5.677063,7.0,0.426087,0.545104,0.0,0.0,0.0,0.0,0.0,1392.43,192.0,223.2383,309.2565,1
-1.399919,15.811793,9.0,0.350532,0.552049,0.0,0.0,0.0,0.0,0.0,2869.41,3196.67,446.4489,751.7653,0
-0.59775,8.243865,20.0,0.327479,0.485761,0.0,0.0,0.0,0.0,0.0,3214.01,1112.22,449.006,473.4065,0
0.0,0.0,0.0,0.0,0.0,0.0,0.0,0.0,0.0,0.0,0.0,0.0,0.0,0.0,1
-5.610262,12.102127,0.0,0.213945,0.204648,0.0,0.0,0.0,0.0,0.0,158.99,190.56,714.3858,608.9966,0
-0.436562,7.883566,11.0,0.345188,0.483006,0.0,0.0,0.0,0.0,0.0,1930.41,462.78,372.1914,430.6582,0
0.0,0.0,1.0,0.0,0.0,165.77,81.23,510.7,434.08,1.6,0.0,0.0,0.0,0.0,0
-0.432252,13.532572,4.0,0.278185,0.380959,87.76,26.31,285.3,314.08,2.57,1746.3,0.0,624.8362,788.7439,0
-0.028482,3.711308,2.0,0.335845,0.296616,150.04,33.43,461.74,489.19,1.57,246.7,0.0,297.2255,177.4351,0
-3.20801,21.682927,15.0,0.253704,0.464638,0.0,0.0,0.0,0.0,0.0,6024.81,2727.0,965.8411,1189.812,1
-0.932267,13.921013,1.0,0.444961,0.519881,0.0,0.0,0.0,0.0,0.0,535.36,12.0,460.6018,539.7269,1
-2.900611,26.826488,3.0,0.278817,0.482174,108.46,21.91,283.63,249.61,3.17,972.82,0.0,829.1035,1292.4301,1
0.135726,30.883568,4.0,0.199659,0.319473,124.4,269.01,385.93,423.15,1.67,1977.25,0.0,820.9168,1201.6827,0
0.0,0.0,0.0,0.0,0.0,149.4,256.47,335.53,349.67,2.73,0.0,0.0,0.0,0.0,0
0.0,0.0,0.0,0.0,0.0,171.75,45.89,470.3,482.08,2.1,0.0,0.0,0.0,0.0,0
-0.538491,18.655096,1.0,0.208152,0.274528,0.0,0.0,0.0,0.0,0.0,1628.7,544.0,661.4896,1287.5026,0
-0.062436,1.208541,0.0,1.570796,0.0,0.0,0.0,0.0,0.0,0.0,13.41,1221.0,18.6619,27.4942,0
0.0,0.0,0.0,0.0,0.0,0.0,0.0,0.0,0.0,0.0,0.0,0.0,0.0,0.0,1
-0.644719,9.284832,25.0,0.36839,0.550818,0.0,0.0,0.0,0.0,0.0,3129.27,1143.33,390.9982,422.3223,0
-2.283027,32.80356,3.0,0.260642,0.584524,152.26,30.59,394.67,324.46,2.1,1224.18,420.0,1230.9577,1939.9013,0
-5.097209,9.182738,3.0,0.244867,0.435764,0.0,0.0,0.0,0.0,0.0,271.44,2051.0,711.9424,686.2068,1
0.0,0.0,0.0,0.0,0.0,89.69,60.87,316.32,332.35,3.17,0.0,0.0,0.0,0.0,0
-2.737247,18.639708,6.0,0.37768,0.580762,0.0,0.0,0.0,0.0,0.0,3558.51,2167.0,716.5361,1152.2486,1
-1.327892,12.024886,8.0,0.304944,0.655716,182.61,88.17,763.29,719.75,0.77,2349.8,0.0,660.8741,725.7751,0
-1.500261,20.27083,7.0,0.209187,0.392348,87.74,31.25,390.46,412.28,2.13,2669.99,0.0,785.5338,1366.8107,0
-0.166371,17.224188,1.0,0.149426,0.238635,0.0,0.0,0.0,0.0,0.0,455.82,423.0,941.9088,1028.4539,0
0.0,0.0,0.0,0.0,0.0,0.0,0.0,0.0,0.0,0.0,0.0,0.0,0.0,0.0,0
-0.357945,6.333702,20.0,0.34682,0.518622,0.0,0.0,0.0,0.0,0.0,3168.72,1050.0,379.1465,357.601,0
-0.734111,13.676328,4.0,0.297405,0.568885,155.07,44.97,447.06,463.34,1.07,1300.04,206.11,647.5118,798.2569,0
-2.533179,14.375726,3.0,0.264961,0.487819,110.91,30.69,298.68,276.65,2.43,1522.35,0.0,714.4057,950.8769,1
-0.389268,7.883008,22.0,0.322299,0.483505,0.0,0.0,0.0,0.0,0.0,3234.1,1446.67,385.2303,460.3103,0
-0.430385,12.459451,0.0,0.284319,0.496201,144.2,34.73,747.57,563.49,0.93,457.41,108.89,295.1922,498.2223,0
-1.501965,23.607017,4.0,0.225628,0.411917,0.0,0.0,0.0,0.0,0.0,3952.68,9122.0,963.9453,1286.8384,0
-2.922117,17.372962,2.0,0.235098,0.295627,104.16,117.39,294.85,333.11,2.93,1270.83,0.0,859.2351,1408.1052,0
-0.810938,25.358542,2.0,0.297145,0.482013,0.0,0.0,0.0,0.0,0.0,1765.3,318.89,1129.8937,1504.9546,0
-1.595253,28.037261,3.0,0.299714,0.44015,123.68,29.27,364.94,345.55,1.73,1886.95,0.0,844.1243,1210.3965,1
-0.546841,8.82787,15.0,0.302221,0.549867,0.0,0.0,0.0,0.0,0.0,3200.93,579.44,450.2113,534.486,0
-1.041236,19.168122,9.0,0.173433,0.346948,0.0,0.0,0.0,0.0,0.0,3548.77,0.0,691.6829,1036.9647,0
-0.361172,24.552692,1.0,0.196697,0.276501,0.0,0.0,0.0,0.0,0.0,3778.86,2400.0,1101.4037,1458.8165,0
-0.581449,9.443447,4.0,0.395832,0.570848,169.8,53.87,947.32,562.48,0.2,844.22,0.0,339.0251,512.2625,0
-0.26283,17.427103,10.0,0.270149,0.439904,130.37,25.92,883.93,794.3,0.1,10005.48,500.0,794.7861,1122.486,0
-1.880117,5.047141,0.0,0.071831,0.089543,0.0,0.0,0.0,0.0,0.0,50.44,0.0,321.2721,238.5675,0
-1.079722,21.060825,4.0,0.212417,0.444912,0.0,0.0,0.0,0.0,0.0,4474.14,2135.0,1033.689,1206.1785,0
0.0,0.0,0.0,0.0,0.0,0.0,0.0,0.0,0.0,0.0,0.0,0.0,0.0,0.0,0
-0.818903,16.447835,6.0,0.362113,0.510763,158.94,44.26,409.75,342.36,1.37,2581.64,0.0,827.5869,1199.8607,0
-0.136432,10.138011,8.0,0.206768,0.362261,0.0,0.0,0.0,0.0,0.0,8262.79,3900.0,558.9971,626.4733,0
0.0,0.0,0.0,0.0,0.0,166.63,39.59,423.6,392.97,2.13,0.0,0.0,0.0,0.0,0
-0.18289,7.242678,1.0,0.184939,0.293659,93.93,28.16,249.03,164.1,3.17,1341.79,0.0,527.6119,500.8234,0
-0.271903,8.688268,38.0,0.295465,0.392637,0.0,0.0,0.0,0.0,0.0,6856.14,800.0,405.9022,388.9709,0
0.997855,22.499251,1.0,0.189034,0.265625,0.0,0.0,0.0,0.0,0.0,4571.1,0.0,1076.4731,1576.5957,0
-0.892071,23.407034,0.0,0.252019,0.327395,0.0,0.0,0.0,0.0,0.0,704.18,0.0,699.2232,1226.3835,0
-2.071241,24.069105,4.0,0.119874,0.202828,94.18,37.79,293.28,252.84,3.27,1312.51,0.0,1010.8832,1581.756,0
-0.122609,9.455172,7.0,0.228398,0.359569,0.0,0.0,0.0,0.0,0.0,7264.31,3300.0,557.0451,589.0898,0
-1.35643,23.466708,3.0,0.363288,0.455549,155.89,34.27,383.91,388.44,2.0,1519.32,0.0,900.8001,1565.4071,0
-0.532779,6.851286,24.0,0.307378,0.504334,0.0,0.0,0.0,0.0,0.0,3658.3,1065.56,414.3524,393.4531,0
-1.900822,14.253032,1.0,0.216946,0.446136,107.09,41.29,354.8,268.43,2.5,1280.55,0.0,960.0034,1069.1946,0
0.0,0.0,0.0,0.0,0.0,160.18,32.8,532.6,553.04,1.2,0.0,0.0,0.0,0.0,0
-3.949596,20.66115,11.0,0.292079,0.455582,0.0,0.0,0.0,0.0,0.0,5593.48,1948.0,934.0624,1155.9766,1
-1.213389,26.952934,1.0,0.191274,0.369954,0.0,0.0,0.0,0.0,0.0,2963.32,268.0,997.8869,1778.2944,0
-0.381158,15.94566,3.0,0.319004,0.449859,95.05,23.37,339.08,347.1,1.53,2680.45,0.0,505.0351,1101.402,0
-0.459797,19.00869,4.0,0.224663,0.3678,89.42,24.8,317.23,262.85,1.03,2614.37,0.0,801.4758,956.2082,0
-0.902085,20.408453,12.0,0.227347,0.45313,142.53,41.16,538.8,495.17,0.13,4144.89,307.22,826.9633,1162.5987,0
-2.469568,17.65236,6.0,0.397776,0.606028,122.41,62.13,324.54,297.62,2.1,2665.65,0.0,843.9959,1134.2346,1
-4.053895,20.783351,2.0,0.430703,0.635451,125.89,136.88,365.14,301.57,2.2,1056.78,0.0,943.0011,1483.9584,1
0.0,0.0,0.0,0.0,0.0,91.39,23.78,328.71,301.62,3.2,0.0,0.0,0.0,0.0,0
-0.485034,11.600455,4.0,0.347811,0.520976,144.45,27.29,375.78,317.27,1.77,1914.44,46.67,600.0545,773.161,0
-0.055556,16.080925,2.0,0.27391,0.458193,0.0,0.0,0.0,0.0,0.0,7524.69,6500.0,832.8719,1144.8367,0
-1.62799,9.613062,11.0,0.471202,0.610917,0.0,0.0,0.0,0.0,0.0,1732.39,519.0,310.3033,497.9242,1
0.0,0.0,0.0,0.0,0.0,0.0,0.0,0.0,0.0,0.0,0.0,0.0,0.0,0.0,0
-3.020964,21.69406,2.0,0.421552,0.509918,117.27,101.45,352.45,339.29,2.4,1538.28,0.0,728.4245,1228.3084,1
-0.578272,14.73839,9.0,0.209026,0.354115,0.0,0.0,0.0,0.0,0.0,4156.09,1397.0,619.0584,1042.7491,0
0.0,0.0,0.0,0.0,0.0,116.55,192.45,294.63,339.3,3.33,0.0,0.0,0.0,0.0,0
-0.395043,7.615139,17.0,0.303192,0.469884,0.0,0.0,0.0,0.0,0.0,2928.42,855.56,387.0405,445.2342,0
-0.921992,6.778238,10.0,0.412837,0.575114,0.0,0.0,0.0,0.0,0.0,1357.7,415.0,248.39,387.238,1
-0.613862,8.274157,25.0,0.280706,0.465491,0.0,0.0,0.0,0.0,0.0,3721.75,1085.0,425.3044,449.3761,0
-1.293563,17.002056,5.0,0.286514,0.501971,151.53,27.0,466.31,458.28,1.77,1774.08,0.0,982.969,1171.6367,0
-2.756933,22.198835,14.0,0.320417,0.519802,0.0,0.0,0.0,0.0,0.0,5689.21,1829.0,1016.0177,1152.2526,1
0.0,0.0,0.0,0.0,0.0,166.29,35.7,558.19,530.23,1.0,0.0,0.0,0.0,0.0,0
0.15281,19.201966,5.0,0.265333,0.39351,0.0,0.0,0.0,0.0,0.0,4578.39,0.0,736.0386,1203.7883,0
0.0,0.0,0.0,0.0,0.0,131.89,30.26,508.17,426.46,1.6,0.0,0.0,0.0,0.0,0
-0.668637,17.434892,5.0,0.245945,0.510548,139.19,23.75,411.66,402.05,1.43,2513.29,528.89,848.6409,1063.4437,0
-0.954914,16.134956,4.0,0.257302,0.376052,105.75,124.27,384.55,392.91,1.93,1905.46,0.0,857.2453,1006.7165,0
-0.700891,18.601181,6.0,0.285551,0.483598,0.0,0.0,0.0,0.0,0.0,2579.87,224.0,606.2524,1079.689,0
-0.2466,8.440608,31.0,0.300173,0.405097,0.0,0.0,0.0,0.0,0.0,7177.59,400.0,434.891,459.9067,0
-0.687922,18.465183,4.0,0.262925,0.47192,150.64,29.69,482.99,487.28,1.27,2054.29,0.0,1039.1827,1320.0328,0
-0.999462,20.010515,4.0,0.27444,0.511201,171.65,173.5,610.53,657.56,0.5,3079.22,583.33,711.9841,1177.7696,0
-2.446338,21.213989,6.0,0.16454,0.38005,96.61,27.03,481.25,488.04,1.8,3075.31,0.0,1078.5207,1478.3303,0
-3.208372,31.46697,0.0,0.179457,0.116739,0.0,0.0,0.0,0.0,0.0,1119.63,0.0,1911.3662,2125.9616,0
-0.565078,6.837462,8.0,0.367069,0.453056,0.0,0.0,0.0,0.0,0.0,1187.6,136.11,331.4592,404.3585,0
0.0,0.0,0.0,0.0,0.0,186.05,59.33,608.76,516.34,1.23,0.0,0.0,0.0,0.0,0
-0.611051,20.635121,10.0,0.285101,0.441821,95.2,21.36,469.6,519.42,1.43,4466.02,0.0,780.6771,1322.3176,0
0.0,0.0,0.0,0.0,0.0,0.0,0.0,0.0,0.0,0.0,0.0,0.0,0.0,0.0,1
-0.525695,8.088571,23.0,0.268154,0.484775,0.0,0.0,0.0,0.0,0.0,3478.1,2041.67,421.7641,434.4212,0
-6.202262,35.21283,0.0,0.26099,0.426684,0.0,0.0,0.0,0.0,0.0,901.07,256.0,2050.1797,1745.7703,1
-1.478364,17.232633,2.0,0.253061,0.480947,141.55,25.51,448.77,476.15,2.07,1167.54,0.0,679.7363,1086.6009,0
-0.316217,18.570225,0.0,0.359978,0.470406,0.0,0.0,0.0,0.0,0.0,1693.01,0.0,772.2817,1448.5652,0
-1.450882,10.68368,5.0,0.415876,0.569163,116.49,24.96,373.27,468.89,1.37,1497.1,0.0,411.3811,587.4265,1
-0.896137,19.10445,6.0,0.266899,0.472647,0.0,0.0,0.0,0.0,0.0,6576.07,1700.0,1000.6738,1469.356,0
-0.403376,7.39467,2.0,0.236562,0.396118,0.0,0.0,0.0,0.0,0.0,611.32,0.0,480.6449,528.5825,0
-0.411398,5.904971,3.0,0.237951,0.49436,96.86,31.45,897.98,688.58,0.33,1156.76,0.0,367.5475,444.8063,0
-0.705933,18.022432,3.0,0.21493,0.318779,87.41,27.02,295.63,283.66,2.73,2539.81,0.0,836.7841,1091.739,0
-0.357522,25.721559,4.0,0.333111,0.473683,275.8,0.0,2000.0,0.0,0.03,13089.97,3600.0,1348.0121,1800.6974,0
-1.461235,12.0137,16.0,0.328172,0.5214,0.0,0.0,0.0,0.0,0.0,5988.16,1331.0,558.9197,667.4601,1
-0.682187,17.125321,1.0,0.25969,0.382655,117.65,5.55,1154.35,845.65,0.07,979.88,0.0,662.7424,807.9944,1
-1.027383,16.227095,2.0,0.268177,0.401,150.94,32.06,377.91,282.98,2.37,1171.36,0.0,895.3832,1201.613,0
-0.284117,7.573331,28.0,0.280439,0.395109,0.0,0.0,0.0,0.0,0.0,6898.71,800.0,452.8083,487.7242,0
-1.263383,7.909446,17.0,0.414126,0.544567,0.0,0.0,0.0,0.0,0.0,2517.32,1325.0,309.6225,431.0381,1
0.0,0.0,0.0,0.0,0.0,87.29,28.58,449.8,484.26,2.03,0.0,0.0,0.0,0.0,0
-0.38847,14.57955,1.0,0.310075,0.50926,239.4,0.0,0.0,0.0,0.16,717.29,0.0,667.2838,822.7289,0
-0.507303,9.900116,15.0,0.333164,0.581142,0.0,0.0,0.0,0.0,0.0,3002.09,742.78,485.9544,616.226,0
-0.635516,7.232864,9.0,0.27334,0.406764,0.0,0.0,0.0,0.0,0.0,1564.66,482.22,442.7276,418.3005,0
-0.00968,8.543231,0.0,0.378441,0.217375,0.0,0.0,0.0,0.0,0.0,64.11,0.0,284.4166,254.3088,0
-0.539602,11.128334,0.0,0.306472,0.599489,128.74,79.66,442.06,394.28,1.83,1576.3,186.0,438.6894,614.6294,1
-1.239689,16.844249,6.0,0.167719,0.360237,122.97,130.15,368.08,369.38,2.43,2382.26,0.0,861.8832,1104.8677,0
-0.200471,6.024553,26.0,0.28613,0.364149,0.0,0.0,0.0,0.0,0.0,5882.75,300.0,372.6659,362.4224,0
-1.634912,31.146695,0.0,0.279676,0.514912,0.0,0.0,0.0,0.0,0.0,7245.7,0.0,1868.3503,1860.3612,0
0.0,0.0,0.0,0.0,0.0,169.04,38.85,604.96,478.42,1.57,0.0,0.0,0.0,0.0,0
-0.499808,27.469892,2.0,0.344881,0.506242,137.48,28.35,625.84,617.87,0.63,2717.11,178.89,1063.9269,1437.7317,0
-0.214456,18.974949,6.0,0.24987,0.367169,0.0,0.0,0.0,0.0,0.0,4471.78,200.0,774.6138,1184.6061,0
0.0,0.0,0.0,0.0,0.0,0.0,0.0,0.0,0.0,0.0,0.0,0.0,0.0,0.0,0
0.491101,13.803275,0.0,0.322802,0.510635,0.0,0.0,0.0,0.0,0.0,1903.73,400.0,620.4068,1011.9825,0
0.684291,18.747518,2.0,0.224647,0.38065,0.0,0.0,0.0,0.0,0.0,11902.4,0.0,1183.0243,1463.3284,0
0.0,0.0,0.0,0.0,0.0,0.0,0.0,0.0,0.0,0.0,0.0,0.0,0.0,0.0,0
-2.497412,15.422312,3.0,0.2829,0.405447,117.32,32.77,378.26,339.44,1.7,931.7,0.0,588.9796,799.3341,1
-1.46237,16.701563,3.0,0.226545,0.288023,147.92,247.2,502.8,454.2,1.37,3231.09,0.0,887.8599,1188.542,0
-0.25917,15.512733,3.0,0.217946,0.26664,84.74,23.86,350.14,338.32,2.5,1640.12,0.0,744.711,850.0343,0
-2.534516,22.006673,3.0,0.416439,0.603518,116.51,25.03,320.5,324.65,2.1,1977.35,0.0,737.5567,1307.4448,1
-0.39587,7.180503,24.0,0.344059,0.48745,0.0,0.0,0.0,0.0,0.0,3304.5,1252.22,391.1732,396.1593,0
-1.162957,18.308557,5.0,0.267252,0.463393,0.0,0.0,0.0,0.0,0.0,2384.79,3730.0,649.7317,1079.5981,0
0.0,0.0,0.0,0.0,0.0,97.63,31.4,394.14,400.88,2.47,0.0,0.0,0.0,0.0,0
-0.259104,12.991204,3.0,0.29551,0.406652,0.0,0.0,0.0,0.0,0.0,6900.6,700.0,549.8736,709.7897,0
0.188857,9.996643,0.0,0.376534,0.506787,0.0,0.0,0.0,0.0,0.0,365.2,2911.0,490.1553,599.7212,0
-0.393354,23.400424,4.0,0.172945,0.306307,0.0,0.0,0.0,0.0,0.0,4060.48,9426.0,1102.1048,1588.9812,0
-0.669046,19.134195,2.0,0.26288,0.392019,152.56,29.9,411.29,388.99,1.8,1738.07,132.22,692.2036,1107.4157,0
-2.717657,12.153258,5.0,0.410474,0.583843,0.0,0.0,0.0,0.0,0.0,788.36,2335.0,677.6237,1019.3032,1
-0.661472,20.395831,13.0,0.226032,0.341497,90.92,34.84,566.52,538.88,0.83,10216.0,1133.0,931.4364,1252.1596,0
-1.065983,6.646111,15.0,0.469317,0.546449,0.0,0.0,0.0,0.0,0.0,2263.39,1010.0,259.1442,407.667,1
-0.291346,10.836067,8.0,0.24547,0.553827,212.1,27.99,1641.47,514.42,0.17,1773.41,0.0,332.275,702.26,0
-0.617731,14.493185,1.0,0.234244,0.29581,84.51,30.95,550.28,548.32,1.43,385.93,0.0,347.8714,599.4317,0
-2.986355,21.518952,3.0,0.267715,0.477625,114.91,19.39,378.45,395.2,1.5,2717.17,231.0,933.2683,1210.406,1
1.871236,17.120366,1.0,0.335647,0.54043,130.55,173.65,333.24,354.04,2.2,1276.93,0.0,527.5472,1120.2531,0
0.0,0.0,0.0,0.0,0.0,111.18,81.35,428.31,423.44,2.1,0.0,0.0,0.0,0.0,1
-0.191607,13.350931,3.0,0.280823,0.431568,89.17,28.58,352.43,366.87,1.07,1203.82,0.0,497.6551,813.7239,0
-1.979162,22.044535,2.0,0.280833,0.393174,82.54,22.79,239.67,226.21,3.53,2073.59,0.0,1044.205,1436.4764,0
0.0,0.0,0.0,0.0,0.0,172.31,37.31,588.61,659.03,0.67,0.0,0.0,0.0,0.0,0
-0.137286,4.949976,0.0,0.423231,0.642019,0.0,0.0,0.0,0.0,0.0,181.2,0.0,115.9485,212.1724,1
-0.254093,15.321797,7.0,0.216802,0.310307,275.7,0.0,2000.0,0.0,0.03,10648.8,1300.0,755.2165,975.1505,0
-2.307563,12.046434,13.0,0.395008,0.54046,0.0,0.0,0.0,0.0,0.0,2768.09,620.0,445.7942,643.4846,1
-1.602349,21.102794,5.0,0.298218,0.432928,76.81,17.51,340.28,214.02,0.93,2937.18,134.0,877.1531,1354.5784,0
-0.66154,9.784895,4.0,0.2611,0.402019,0.0,0.0,0.0,0.0,0.0,2297.82,4525.0,422.2184,601.7624,0
-0.170027,7.597879,25.0,0.286678,0.406413,104.18,14.57,675.47,774.56,0.13,6374.28,700.0,394.2655,499.9227,0
-0.074354,17.677082,15.0,0.217026,0.330606,0.0,0.0,0.0,0.0,0.0,9279.33,2600.0,784.2251,1099.7725,0
0.0,0.0,0.0,0.0,0.0,0.0,0.0,0.0,0.0,0.0,0.0,0.0,0.0,0.0,0
-0.853558,10.090158,24.0,0.301642,0.516211,0.0,0.0,0.0,0.0,0.0,3557.87,1586.67,475.8272,529.8995,0
-0.773201,24.902181,1.0,0.21031,0.453873,0.0,0.0,0.0,0.0,0.0,1455.05,628.0,1586.1414,2081.8767,0
-1.300246,10.481566,2.0,0.219348,0.590243,157.2,25.44,501.81,587.83,0.87,963.81,0.0,545.4902,637.9826,0
-1.108677,31.749277,7.0,0.240168,0.415628,0.0,0.0,0.0,0.0,0.0,8449.47,0.0,1275.5897,1791.5629,0
0.0,0.0,0.0,0.0,0.0,0.0,0.0,0.0,0.0,0.0,0.0,0.0,0.0,0.0,0
-0.768942,19.562098,3.0,0.16956,0.262851,97.9,29.35,334.77,294.79,2.9,1293.32,0.0,869.1887,1115.2075,0
-0.174994,12.40522,3.0,0.171731,0.371641,158.08,33.22,486.45,374.87,1.87,1080.29,0.0,745.2605,856.0546,0
0.014443,13.440509,6.0,0.249687,0.42267,0.0,0.0,0.0,0.0,0.0,5987.47,0.0,738.1585,945.5919,0
-0.696196,8.09967,20.0,0.330481,0.5119,0.0,0.0,0.0,0.0,0.0,3306.94,1127.78,404.3261,514.4273,0
-0.778211,6.151777,1.0,0.623503,0.713951,0.0,0.0,0.0,0.0,0.0,140.87,0.0,286.0082,354.056,1
0.0,0.0,0.0,0.0,0.0,183.31,244.92,443.89,437.51,1.9,0.0,0.0,0.0,0.0,0
0.0,0.0,0.0,0.0,0.0,86.99,23.36,275.42,276.73,3.7,0.0,0.0,0.0,0.0,0
0.0,0.0,0.0,0.0,0.0,89.03,24.78,251.16,226.19,3.87,0.0,0.0,0.0,0.0,0
0.0,0.0,0.0,0.0,0.0,0.0,0.0,0.0,0.0,0.0,0.0,0.0,0.0,0.0,1
-0.723944,16.694734,13.0,0.261612,0.457206,80.82,24.56,460.85,381.56,1.07,3270.45,667.0,535.501,896.73,0
-2.514005,12.961754,3.0,0.244342,0.306555,114.04,27.8,356.61,346.67,2.4,909.4,0.0,680.3618,1181.7036,1
0.0,0.0,0.0,0.0,0.0,0.0,0.0,0.0,0.0,0.0,0.0,0.0,0.0,0.0,0
-0.247473,14.024188,3.0,0.233475,0.271697,92.91,23.95,307.36,319.93,2.7,1245.37,0.0,521.7419,636.2985,0
-3.500412,23.307549,1.0,0.346997,0.582954,0.0,0.0,0.0,0.0,0.0,2774.56,433.0,1141.0684,1608.4688,0
-0.233862,11.392186,14.0,0.312612,0.432912,101.57,101.53,351.51,391.43,1.27,3903.5,300.0,474.6467,702.4971,0
-0.557545,12.536727,9.0,0.340641,0.515826,0.0,0.0,0.0,0.0,0.0,3407.99,2224.44,612.8808,1071.6109,0
-1.546354,16.970107,3.0,0.354554,0.534092,146.91,31.68,378.37,326.27,2.1,1240.95,140.0,773.5665,1009.3402,0
-1.392606,7.49829,8.0,0.368758,0.534964,0.0,0.0,0.0,0.0,0.0,2501.16,369.44,456.8768,722.5579,0
-3.210211,17.364644,7.0,0.332358,0.523278,0.0,0.0,0.0,0.0,0.0,2697.57,1145.0,662.2491,846.5999,1
-0.6426,22.791443,3.0,0.274492,0.462809,0.0,0.0,0.0,0.0,0.0,8690.7,1615.0,1182.8905,1369.5671,0
-1.019577,9.571739,18.0,0.422761,0.57916,0.0,0.0,0.0,0.0,0.0,2973.56,871.0,331.2515,507.635,1
-3.945659,44.321262,25.0,0.267648,0.559317,0.0,0.0,0.0,0.0,0.0,7386.23,7276.11,1214.6025,1371.2498,0
-1.010285,10.810005,10.0,0.499582,0.611567,0.0,0.0,0.0,0.0,0.0,1399.94,141.0,326.207,558.3083,1
-0.058107,14.381621,10.0,0.296475,0.425579,0.0,0.0,0.0,0.0,0.0,8449.37,2200.0,618.0881,909.8911,0
1.065824,41.981003,0.0,0.195689,0.221099,0.0,0.0,0.0,0.0,0.0,523.19,0.0,1316.9316,1534.1312,0
-0.854262,12.643732,8.0,0.21118,0.306145,0.0,0.0,0.0,0.0,0.0,3468.65,0.0,591.6778,993.767,0
-0.167341,7.815946,1.0,0.333639,0.464007,0.0,0.0,0.0,0.0,0.0,469.1,0.0,304.7671,424.2364,0
-0.583008,17.703333,2.0,0.242597,0.459038,0.0,0.0,0.0,0.0,0.0,3254.04,272.0,837.8877,1302.0401,0
0.0,0.0,0.0,0.0,0.0,0.0,0.0,0.0,0.0,0.0,0.0,0.0,0.0,0.0,1
-1.960355,22.267536,6.0,0.281396,0.466196,113.54,21.1,341.66,353.48,1.93,2469.58,0.0,631.3887,1013.9534,1
-0.715971,21.96152,12.0,0.212549,0.352623,0.0,0.0,0.0,0.0,0.0,13458.67,382.0,1273.5996,1489.8296,0
-0.754931,14.421499,6.0,0.345593,0.535423,202.35,254.83,775.3,700.23,0.33,2546.53,206.11,495.7606,859.01,0
-2.422223,20.249815,3.0,0.216298,0.387928,147.21,23.84,451.67,435.59,1.7,1453.12,0.0,868.7645,1392.3883,0
0.0,0.0,0.0,0.0,0.0,0.0,0.0,0.0,0.0,0.0,0.0,0.0,0.0,0.0,0
-1.196232,21.363997,12.0,0.270134,0.482149,0.0,0.0,0.0,0.0,0.0,6792.09,980.0,1003.7158,1126.7342,0
-0.61198,16.603524,5.0,0.22674,0.308151,90.05,25.37,344.71,352.44,2.23,2634.39,0.0,845.4704,989.3941,0
0.0,0.0,0.0,0.0,0.0,85.69,26.64,572.85,516.97,1.37,0.0,0.0,0.0,0.0,0
-0.197679,12.912466,7.0,0.260766,0.442895,91.66,25.03,385.38,394.95,2.2,2036.37,0.0,723.1798,994.9598,0
-3.1816,20.627985,2.0,0.321054,0.467616,0.0,0.0,0.0,0.0,0.0,1601.11,1081.0,799.143,1227.3924,1
-0.508742,21.530051,1.0,0.318156,0.571956,0.0,0.0,0.0,0.0,0.0,3264.65,3126.0,1229.8155,1241.261,0
-0.095733,16.141378,5.0,0.224671,0.36321,0.0,0.0,0.0,0.0,0.0,4126.91,1300.0,719.8382,886.3086,0
0.0,0.0,0.0,0.0,0.0,0.0,0.0,0.0,0.0,0.0,13.0,0.0,0.0,0.0,0
0.0,0.0,0.0,0.0,0.0,0.0,0.0,0.0,0.0,0.0,0.0,0.0,0.0,0.0,0
-2.633297,31.415399,1.0,0.516099,0.626858,116.9,23.62,413.85,421.85,2.03,537.72,0.0,764.5726,1316.9914,1
-0.044592,16.757408,6.0,0.31404,0.449743,209.75,0.65,2000.0,0.0,0.07,3082.09,1900.0,460.2295,900.3741,0
-1.622563,21.849653,5.0,0.302935,0.476194,167.42,88.24,383.12,328.06,1.77,4297.08,0.0,1032.1124,1374.0155,0
-0.785658,9.023408,24.0,0.316232,0.489171,0.0,0.0,0.0,0.0,0.0,3535.74,1108.33,430.1347,475.4437,0
-1.500698,9.753598,1.0,0.282748,0.438819,138.75,30.19,394.31,406.45,2.07,540.04,0.0,697.4992,800.7529,0
-1.40194,18.671704,4.0,0.251948,0.493761,98.13,32.09,396.94,364.82,2.33,2170.09,0.0,1046.3133,1276.7284,0
-0.384159,21.573834,2.0,0.244989,0.338595,86.24,23.78,441.57,490.26,0.7,1274.13,0.0,757.8726,1093.0532,0
0.0,0.0,0.0,0.0,0.0,0.0,0.0,0.0,0.0,0.0,0.0,0.0,0.0,0.0,1
-1.471705,14.655469,2.0,0.291338,0.467157,124.27,29.37,391.84,373.95,1.93,1065.82,0.0,465.5825,873.4627,1
-0.373507,13.124621,6.0,0.282707,0.386926,91.36,26.34,376.07,445.67,1.87,3088.76,0.0,686.6624,932.0276,0
-1.657737,12.482216,1.0,0.368108,0.534622,1.2,0.3,1.7,0.0,0.5,623.22,2.0,511.5531,562.7172,1
-0.208631,15.818277,3.0,0.340974,0.416966,165.78,199.81,556.15,684.2,0.37,4354.33,0.0,411.9958,934.8067,0
