dwellMeanMs,dwellStdMs,flightMeanMs,flightStdMs,keysPerSec,velocityMean,velocityStd,accelerationMean,accelerationStd,curvatureMean,curvatureStd,clickCount,scrollAmount,mouseTravelPx,windowDurationMs,platform,viewport,userLabel,label
92.12727272727274,20.20054904744378,219.21500000000003,212.31100146272507,0.0,0.0,0.0,0.0,0.0,0.0,0.0,0,0.0,0.0,0,MacIntel,1440x815,,IMPOSTOR
93.52727272727272,15.199677030061588,194.665,170.91393425070007,0.0,0.0,0.0,0.0,0.0,0.0,0.0,0,0.0,0.0,0,MacIntel,1440x815,,IMPOSTOR
0.0,0.0,0.0,0.0,0.0,434.891,459.9067,-0.2466,8.440608,0.300173,0.405097,31,400.0,7177.59,29994,MacIntel,1440x815,,IMPOSTOR
0.0,0.0,0.0,0.0,0.0,0.0,0.0,0.0,0.0,0.0,0.0,0,0.0,13.0,29996,MacIntel,1440x815,,IMPOSTOR
159.07,33.6,459.64,454.75,0.83,853.9457,1247.4123,-0.743479,17.845888,0.215393,0.390691,4,882.78,3638.49,30005,MacIntel,1440x815,,IMPOSTOR
107.09,41.29,354.8,268.43,2.5,960.0034,1069.1946,-1.900822,14.253032,0.216946,0.446136,1,0.0,1280.55,30001,MacIntel,1440x815,,GENUINE
0.0,0.0,0.0,0.0,0.0,372.1914,430.6582,-0.436562,7.883566,0.345188,0.483006,11,462.78,1930.41,29996,MacIntel,1440x815,,IMPOSTOR
87.29,23.56,338.79,350.25,2.73,99.5948,60.5425,-0.29028,1.505616,0.22143,0.255358,2,0.0,24.68,30004,MacIntel,1440x815,,IMPOSTOR
10.01,1.68,185.05,482.49,0.53,416.9764,408.0028,-0.419452,8.890975,0.27083,0.421326,17,1096.67,2976.84,30011,MacIntel,1440x815,,IMPOSTOR
0.0,0.0,0.0,0.0,0.0,448.3233,778.0628,-2.120089,13.583505,0.370531,0.583836,18,836.0,4331.85,30011,MacIntel,1440x815,,IMPOSTOR
0.0,0.0,0.0,0.0,0.0,0.0,0.0,0.0,0.0,0.0,0.0,0,0.0,0.0,30005,MacIntel,1440x815,,IMPOSTOR
149.4,256.47,335.53,349.67,2.73,0.0,0.0,0.0,0.0,0.0,0.0,0,0.0,0.0,30009,MacIntel,1440x815,,IMPOSTOR
88.9,13.637595095910422,202.16000000000005,135.97932660209014,0.0,0.0,0.0,0.0,0.0,0.0,0.0,0,0.0,0.0,0,MacIntel,1440x815,,IMPOSTOR
160.18,32.8,532.6,553.04,1.2,0.0,0.0,0.0,0.0,0.0,0.0,0,0.0,0.0,30012,MacIntel,1440x815,,IMPOSTOR
138.75,30.19,394.31,406.45,2.07,697.4992,800.7529,-1.500698,9.753598,0.282748,0.438819,1,0.0,540.04,29993,MacIntel,1440x815,,IMPOSTOR
75.0,14.260925636157,160.82500000000002,125.16429571188672,0.0,0.0,0.0,0.0,0.0,0.0,0.0,0,0.0,0.0,0,MacIntel,1440x815,,IMPOSTOR
0.0,0.0,0.0,0.0,0.0,0.0,0.0,0.0,0.0,0.0,0.0,0,0.0,0.0,30008,MacIntel,1440x815,,IMPOSTOR
0.0,0.0,0.0,0.0,0.0,405.9022,388.9709,-0.271903,8.688268,0.295465,0.392637,38,800.0,6856.14,30007,MacIntel,1440x815,,IMPOSTOR
85.31,24.11,288.57,306.29,3.33,986.5246,883.7684,-1.347437,19.679659,0.201729,0.528816,3,0.0,1013.16,30005,MacIntel,1440x815,,IMPOSTOR
164.65,31.16,572.85,504.05,1.27,0.0,0.0,0.0,0.0,0.0,0.0,0,0.0,0.0,29990,MacIntel,1440x815,,IMPOSTOR
125.69,76.52,386.33,384.86,1.43,1065.1651,1651.3953,-3.904626,28.026915,0.356763,0.502156,3,0.0,3183.13,30007,MacIntel,1440x815,,IMPOSTOR
0.0,0.0,0.0,0.0,0.0,1526.6686,509.0371,2.22748,14.788038,0.127781,0.085117,0,1230.0,227.94,29999,MacIntel,1440x815,,GENUINE
99.87,43.99,287.14,299.69,3.33,299.9188,229.4713,-0.568301,4.252617,0.330223,0.360888,1,0.0,139.56,30000,MacIntel,1440x815,,GENUINE
0.0,0.0,0.0,0.0,0.0,403.5209,449.0547,-0.389046,8.508137,0.300313,0.37551,31,600.0,6063.34,30008,MacIntel,1440x815,,IMPOSTOR
98.35454545454544,25.23859598457741,305.05000000000007,309.7442264021618,0.0,0.0,0.0,0.0,0.0,0.0,0.0,0,0.0,0.0,0,MacIntel,1440x815,,IMPOSTOR
0.0,0.0,0.0,0.0,0.0,1911.3662,2125.9616,-3.208372,31.46697,0.179457,0.116739,0,0.0,1119.63,30208,MacIntel,894x749,,IMPOSTOR
0.0,0.0,0.0,0.0,0.0,28.7934,18.0791,-0.16239,0.224907,0.0,0.0,0,0.0,6.0,30002,MacIntel,1440x815,,IMPOSTOR
0.0,0.0,0.0,0.0,0.0,384.0591,536.3382,-1.886492,9.5934,0.384951,0.557739,10,618.0,1948.3,30002,MacIntel,1440x815,,IMPOSTOR
0.0,0.0,0.0,0.0,0.0,0.0,0.0,0.0,0.0,0.0,0.0,0,0.0,0.0,29996,MacIntel,1440x815,,IMPOSTOR
130.55,173.65,333.24,354.04,2.2,527.5472,1120.2531,1.871236,17.120366,0.335647,0.54043,1,0.0,1276.93,29988,MacIntel,1440x815,,IMPOSTOR
0.0,0.0,0.0,0.0,0.0,0.0,0.0,0.0,0.0,0.0,0.0,0,0.0,0.0,29997,MacIntel,1440x815,,IMPOSTOR
89.71,28.27,442.17,488.42,1.3,661.342,954.4038,-0.660754,19.359335,0.327767,0.522289,4,0.0,4936.88,29992,MacIntel,1440x815,,IMPOSTOR
0.0,0.0,0.0,0.0,0.0,0.0,0.0,0.0,0.0,0.0,0.0,0,0.0,0.0,59992,MacIntel,1440x815,,IMPOSTOR
0.0,0.0,0.0,0.0,0.0,0.0,0.0,0.0,0.0,0.0,0.0,0,0.0,0.0,59998,MacIntel,1440x815,,IMPOSTOR
92.24545454545454,19.444092348904515,185.105,168.9188452762855,0.0,0.0,0.0,0.0,0.0,0.0,0.0,0,0.0,0.0,0,MacIntel,1440x815,,IMPOSTOR
0.0,0.0,0.0,0.0,0.0,0.0,0.0,0.0,0.0,0.0,0.0,0,0.0,0.0,29999,MacIntel,1440x815,,IMPOSTOR
0.0,0.0,0.0,0.0,0.0,0.0,0.0,0.0,0.0,0.0,0.0,0,0.0,0.0,29997,MacIntel,894x749,,IMPOSTOR
111.85,26.15,366.11,364.26,2.17,739.4525,1281.4596,-3.182266,17.569923,0.336204,0.498039,2,0.0,1834.08,29996,MacIntel,1440x815,,IMPOSTOR
0.0,0.0,0.0,0.0,0.0,0.0,0.0,0.0,0.0,0.0,0.0,0,0.0,0.0,72949,MacIntel,1440x815,,IMPOSTOR
158.9,32.94,493.21,412.71,1.97,112.0027,48.866,-0.309613,1.492929,0.939947,0.465015,0,108.89,13.06,29999,MacIntel,1440x815,,IMPOSTOR
87.41,27.02,295.63,283.66,2.73,836.7841,1091.739,-0.705933,18.022432,0.21493,0.318779,3,0.0,2539.81,29996,MacIntel,1440x815,,IMPOSTOR
165.18,31.98,492.87,474.14,1.93,0.0,0.0,0.0,0.0,0.0,0.0,0,0.0,0.0,29997,MacIntel,1440x815,,IMPOSTOR
0.0,0.0,0.0,0.0,0.0,300.1211,630.5721,-2.154467,8.124946,0.405696,0.590006,1,0.0,239.52,30004,MacIntel,1440x815,,IMPOSTOR
0.0,0.0,0.0,0.0,0.0,521.8163,763.3696,-0.463373,11.264066,0.237211,0.429002,2,1615.0,1803.94,30000,MacIntel,1440x815,,GENUINE
96.8,32.23,392.75,340.31,2.33,882.9322,1623.8765,-1.810341,31.862818,0.357469,0.581866,5,0.0,1179.51,30000,MacIntel,1440x815,,GENUINE
0.0,0.0,0.0,0.0,0.0,0.0,0.0,0.0,0.0,0.0,0.0,0,0.0,0.0,30001,MacIntel,1440x815,,GENUINE
88.97272727272728,15.635478304745966,177.595,145.3665728425899,0.0,0.0,0.0,0.0,0.0,0.0,0.0,0,0.0,0.0,0,MacIntel,1440x815,,IMPOSTOR
89.88181818181818,17.279051952107686,206.40500000000003,183.73513681383864,0.0,0.0,0.0,0.0,0.0,0.0,0.0,0,0.0,0.0,0,MacIntel,1440x815,,IMPOSTOR
157.6,32.74,384.5,359.69,2.17,931.3075,1578.498,-1.22698,29.146086,0.254941,0.506543,3,256.67,1089.03,29989,MacIntel,894x749,,IMPOSTOR
0.0,0.0,0.0,0.0,0.0,452.8083,487.7242,-0.284117,7.573331,0.280439,0.395109,28,800.0,6898.71,29997,MacIntel,1440x815,,IMPOSTOR
115.7,63.76,287.06,240.87,3.37,745.8577,1015.8862,-0.233224,21.903126,0.683175,0.699873,1,0.0,367.0,29998,MacIntel,1440x815,,IMPOSTOR
161.51,42.69,519.86,446.1,1.57,0.0,0.0,0.0,0.0,0.0,0.0,0,0.0,0.0,30001,MacIntel,1440x815,,IMPOSTOR
0.0,0.0,0.0,0.0,0.0,427.0019,545.5547,-0.724429,8.35262,0.305365,0.44571,17,859.44,2767.51,30004,MacIntel,894x749,,IMPOSTOR
0.0,0.0,0.0,0.0,0.0,0.0,0.0,0.0,0.0,0.0,0.0,0,0.0,0.0,29996,MacIntel,894x749,,IMPOSTOR
0.0,0.0,0.0,0.0,0.0,841.6049,1231.7361,-0.373324,16.711208,0.296844,0.48623,2,0.0,5002.7,30008,MacIntel,1440x815,,IMPOSTOR
116.55,192.45,294.63,339.3,3.33,0.0,0.0,0.0,0.0,0.0,0.0,0,0.0,0.0,30008,MacIntel,1440x815,,IMPOSTOR
0.0,0.0,0.0,0.0,0.0,0.0,0.0,0.0,0.0,0.0,0.0,0,0.0,0.0,54994,MacIntel,1440x815,,IMPOSTOR
117.32,32.77,378.26,339.44,1.7,588.9796,799.3341,-2.497412,15.422312,0.2829,0.405447,3,0.0,931.7,30001,MacIntel,1440x815,,IMPOSTOR
89.50909090909093,13.31025578608124,220.22,198.50439634532287,0.0,0.0,0.0,0.0,0.0,0.0,0.0,0,0.0,0.0,0,MacIntel,1440x815,,IMPOSTOR
89.69,60.87,316.32,332.35,3.17,0.0,0.0,0.0,0.0,0.0,0.0,0,0.0,0.0,29999,MacIntel,1440x815,,IMPOSTOR
85.42,28.69,546.46,544.33,1.37,473.4948,657.2197,-0.184963,8.237136,0.273297,0.442403,1,0.0,1594.71,30000,MacIntel,1440x815,,GENUINE
0.0,0.0,0.0,0.0,0.0,1943.8896,2485.2413,-3.640447,44.444693,0.113023,0.164982,0,441.0,1265.29,6776,MacIntel,1440x815,,GENUINE
95.22727272727272,28.009930057359693,285.6050000000001,211.5413172906244,0.0,0.0,0.0,0.0,0.0,0.0,0.0,0,0.0,0.0,0,MacIntel,1440x815,,IMPOSTOR
91.39,23.78,328.71,301.62,3.2,0.0,0.0,0.0,0.0,0.0,0.0,0,0.0,0.0,30001,MacIntel,1440x815,,IMPOSTOR
0.0,0.0,0.0,0.0,0.0,0.0,0.0,0.0,0.0,0.0,0.0,0,0.0,0.0,29996,MacIntel,1440x815,,IMPOSTOR
0.0,0.0,0.0,0.0,0.0,358.6964,350.6596,-0.129931,6.513262,0.287793,0.386596,30,600.0,6144.05,30003,MacIntel,1440x815,,IMPOSTOR
101.57,101.53,351.51,391.43,1.27,474.6467,702.4971,-0.233862,11.392186,0.312612,0.432912,14,300.0,3903.5,30004,MacIntel,1440x815,,IMPOSTOR
0.0,0.0,0.0,0.0,0.0,882.4115,1597.3665,-3.62626,21.529134,0.238316,0.413117,0,0.0,1563.95,30012,MacIntel,1440x815,,IMPOSTOR
0.0,0.0,0.0,0.0,0.0,455.8974,554.2786,-0.860186,9.636917,0.284001,0.462801,20,1450.56,3446.09,30003,MacIntel,1440x815,,IMPOSTOR
0.0,0.0,0.0,0.0,0.0,0.0,0.0,0.0,0.0,0.0,0.0,0,0.0,0.0,30011,MacIntel,1440x815,,IMPOSTOR
90.31818181818184,30.69716007000707,342.785,261.21378877725505,0.0,0.0,0.0,0.0,0.0,0.0,0.0,0,0.0,0.0,0,MacIntel,1440x815,,IMPOSTOR
0.0,0.0,0.0,0.0,0.0,697.4317,814.8851,-0.474399,15.54972,0.356454,0.569316,0,700.0,721.94,30006,MacIntel,1440x815,,IMPOSTOR
112.09,23.02,378.2,377.34,1.47,730.0073,1211.1147,-2.892876,22.788177,0.372734,0.499138,6,1286.0,2466.84,30004,MacIntel,1440x815,,IMPOSTOR
125.89,136.88,365.14,301.57,2.2,943.0011,1483.9584,-4.053895,20.783351,0.430703,0.635451,2,0.0,1056.78,30000,MacIntel,1440x815,,IMPOSTOR
146.12,36.06,426.2,454.49,1.73,708.7511,1087.6316,-0.697615,17.589593,0.373445,0.551696,4,210.0,1951.65,30011,MacIntel,1440x815,,IMPOSTOR
0.0,0.0,0.0,0.0,0.0,0.0,0.0,0.0,0.0,0.0,0.0,0,0.0,0.0,59987,MacIntel,1440x815,,IMPOSTOR
105.75,124.27,384.55,392.91,1.93,857.2453,1006.7165,-0.954914,16.134956,0.257302,0.376052,4,0.0,1905.46,29995,MacIntel,1440x815,,IMPOSTOR
0.0,0.0,0.0,0.0,0.0,1041.3666,1489.6455,-0.796395,22.763211,0.21513,0.385416,6,9036.0,7007.23,29999,MacIntel,1440x815,,GENUINE
0.0,0.0,0.0,0.0,0.0,0.0,0.0,0.0,0.0,0.0,0.0,0,0.0,0.0,29996,MacIntel,894x749,,IMPOSTOR
89.13636363636364,16.060838877672158,247.90500000000003,198.4555113210117,0.0,0.0,0.0,0.0,0.0,0.0,0.0,0,0.0,0.0,0,MacIntel,1440x815,,IMPOSTOR
0.0,0.0,0.0,0.0,0.0,511.594,395.88,-1.487202,11.52056,0.057441,0.079222,0,321.0,111.43,30012,MacIntel,1440x815,,IMPOSTOR
89.11818181818182,22.138555426306304,259.545,203.3942592860632,0.0,0.0,0.0,0.0,0.0,0.0,0.0,0,0.0,0.0,0,MacIntel,1440x815,,IMPOSTOR
148.87,284.37,397.09,444.86,1.8,792.9699,1116.2791,-0.039447,15.982985,0.260883,0.393906,5,0.0,2251.64,30004,MacIntel,1440x815,,IMPOSTOR
0.0,0.0,0.0,0.0,0.0,0.0,0.0,0.0,0.0,0.0,0.0,0,0.0,0.0,29996,MacIntel,894x749,,IMPOSTOR
100.63636363636364,22.312251017200065,228.18,186.8857675299624,0.0,0.0,0.0,0.0,0.0,0.0,0.0,0,0.0,0.0,0,MacIntel,1440x815,,IMPOSTOR
170.84,78.68,481.09,423.69,1.63,808.7523,1107.5226,-0.695461,15.146915,0.32081,0.412706,2,0.0,1809.7,30002,MacIntel,1440x815,,IMPOSTOR
150.94,32.06,377.91,282.98,2.37,895.3832,1201.613,-1.027383,16.227095,0.268177,0.401,2,0.0,1171.36,30007,MacIntel,1440x815,,IMPOSTOR
0.0,0.0,0.0,0.0,0.0,482.9262,662.393,-1.811884,10.818394,0.363575,0.496381,12,1154.0,2951.31,29997,MacIntel,1440x815,,IMPOSTOR
157.86,75.52,401.69,344.54,2.07,1149.7162,1347.7911,-2.322472,18.954958,0.217422,0.334808,2,0.0,1126.53,30002,MacIntel,894x749,,IMPOSTOR
0.0,0.0,0.0,0.0,0.0,0.0,0.0,0.0,0.0,0.0,0.0,0,0.0,0.0,29998,MacIntel,1440x815,,IMPOSTOR
0.0,0.0,0.0,0.0,0.0,286.0082,354.056,-0.778211,6.151777,0.623503,0.713951,1,0.0,140.87,30009,MacIntel,1440x815,,IMPOSTOR
0.0,0.0,0.0,0.0,0.0,1966.8849,1962.0141,-8.843638,34.296873,0.367294,0.578064,0,0.0,2904.73,29997,MacIntel,1440x815,,IMPOSTOR
122.26,26.85,375.18,445.53,1.5,737.2981,1154.9818,-1.444255,20.639982,0.346271,0.533714,4,0.0,3544.77,29995,MacIntel,1440x815,,IMPOSTOR
148.44,70.39,355.35,253.11,2.27,1030.2457,1170.6538,-1.440218,18.725631,0.133062,0.301435,0,0.0,941.01,29998,MacIntel,1440x815,,IMPOSTOR
89.3181818181818,17.293861233502376,230.415,257.5637892884626,0.0,0.0,0.0,0.0,0.0,0.0,0.0,0,0.0,0.0,0,MacIntel,1440x815,,IMPOSTOR
0.0,0.0,0.0,0.0,0.0,422.2184,601.7624,-0.66154,9.784895,0.2611,0.402019,4,4525.0,2297.82,29007,MacIntel,1440x815,,GENUINE
0.0,0.0,0.0,0.0,0.0,0.0,0.0,0.0,0.0,0.0,0.0,0,0.0,0.0,30444,MacIntel,1440x815,,GENUINE
94.84545454545456,22.67034907699322,282.35,330.8283184913127,0.0,0.0,0.0,0.0,0.0,0.0,0.0,0,0.0,0.0,0,MacIntel,1440x815,,IMPOSTOR
145.82,35.88,499.49,390.25,1.27,203.4081,271.4496,-0.034144,3.790795,0.229129,0.472892,1,1975.56,406.42,30006,MacIntel,1440x815,,IMPOSTOR
0.0,0.0,0.0,0.0,0.0,1868.3503,1860.3612,-1.634912,31.146695,0.279676,0.514912,0,0.0,7245.7,29996,MacIntel,1440x815,,IMPOSTOR
95.26363636363634,22.29732148610109,192.145,156.8103966578747,0.0,0.0,0.0,0.0,0.0,0.0,0.0,0,0.0,0.0,0,MacIntel,1440x815,,IMPOSTOR
0.0,0.0,0.0,0.0,0.0,228.424,338.4496,-0.811516,5.223421,0.418615,0.540671,8,449.0,933.41,30007,MacIntel,1440x815,,IMPOSTOR
0.0,0.0,0.0,0.0,0.0,1121.5591,1073.1467,0.324463,20.243578,0.192655,0.454756,2,0.0,1146.3,2830,MacIntel,1440x815,,GENUINE
0.0,0.0,0.0,0.0,0.0,1033.689,1206.1785,-1.079722,21.060825,0.212417,0.444912,4,2135.0,4474.14,30000,MacIntel,1440x815,,GENUINE
0.0,0.0,0.0,0.0,0.0,434.7154,216.6808,-0.600431,7.543897,0.285068,0.20002,0,0.0,50.53,181,MacIntel,1440x815,,IMPOSTOR
87.22727272727272,20.980376112409942,300.46500000000003,287.01618013257496,0.0,0.0,0.0,0.0,0.0,0.0,0.0,0,0.0,0.0,0,MacIntel,1440x815,,IMPOSTOR
167.42,88.24,383.12,328.06,1.77,1032.1124,1374.0155,-1.622563,21.849653,0.302935,0.476194,5,0.0,4297.08,29997,MacIntel,1236x749,,IMPOSTOR
0.0,0.0,0.0,0.0,0.0,0.0,0.0,0.0,0.0,0.0,0.0,0,0.0,0.0,30012,MacIntel,1440x815,,IMPOSTOR
153.63,38.68,452.89,405.87,1.53,1193.64,1461.6625,-1.769025,23.443622,0.186343,0.391456,4,0.0,1389.17,29997,MacIntel,1440x815,,IMPOSTOR
85.55454545454545,17.719219149633183,173.84499999999994,133.3386723821397,0.0,0.0,0.0,0.0,0.0,0.0,0.0,0,0.0,0.0,0,MacIntel,894x749,,IMPOSTOR
92.62,31.39,419.15,416.05,1.37,389.7166,539.52,-0.317788,8.715472,0.202182,0.3092,4,0.0,2354.14,30001,MacIntel,1440x815,,GENUINE
87.89090909090908,16.791393899581685,201.565,135.99398312928562,0.0,0.0,0.0,0.0,0.0,0.0,0.0,0,0.0,0.0,0,MacIntel,1440x815,,IMPOSTOR
155.89,34.27,383.91,388.44,2.0,900.8001,1565.4071,-1.35643,23.466708,0.363288,0.455549,3,0.0,1519.32,30003,MacIntel,1440x815,,IMPOSTOR
87.25,25.94,326.71,346.17,3.13,0.0,0.0,0.0,0.0,0.0,0.0,0,0.0,0.0,29999,MacIntel,1440x815,,IMPOSTOR
92.3,13.98549248328424,195.49,196.7609500731388,0.0,0.0,0.0,0.0,0.0,0.0,0.0,0,0.0,0.0,0,MacIntel,1440x815,,IMPOSTOR
169.04,38.85,604.96,478.42,1.57,0.0,0.0,0.0,0.0,0.0,0.0,0,0.0,0.0,30002,MacIntel,1440x815,,IMPOSTOR
0.0,0.0,0.0,0.0,0.0,392.9129,404.5746,-0.655691,8.070363,0.340985,0.483321,23,956.67,3338.05,30006,MacIntel,894x749,,IMPOSTOR
0.0,0.0,0.0,0.0,0.0,435.7881,473.4053,-0.069139,8.659184,0.284052,0.38484,35,800.0,7908.94,29996,MacIntel,1440x815,,IMPOSTOR
0.0,0.0,0.0,0.0,0.0,445.7942,643.4846,-2.307563,12.046434,0.395008,0.54046,13,620.0,2768.09,30003,MacIntel,1440x815,,IMPOSTOR
91.66,25.03,385.38,394.95,2.2,723.1798,994.9598,-0.197679,12.912466,0.260766,0.442895,7,0.0,2036.37,30005,MacIntel,1440x815,,IMPOSTOR
80.82,24.56,460.85,381.56,1.07,535.501,896.73,-0.723944,16.694734,0.261612,0.457206,13,667.0,3270.45,30000,MacIntel,1440x815,,GENUINE
0.0,0.0,0.0,0.0,0.0,432.027,513.0696,-0.209252,8.848393,0.300133,0.402652,31,700.0,7706.97,29999,MacIntel,1440x815,,IMPOSTOR
115.7818181818182,22.530282651658773,480.4200000000001,483.7827498502107,0.0,0.0,0.0,0.0,0.0,0.0,0.0,0,0.0,0.0,0,MacIntel,894x749,,IMPOSTOR
0.0,0.0,0.0,0.0,0.0,542.1263,761.1426,-1.105788,9.782293,0.257937,0.445708,2,796.0,873.8,30000,MacIntel,1440x815,,GENUINE
0.0,0.0,0.0,0.0,0.0,298.143,565.9115,0.064345,8.434346,0.330679,0.37552,1,2556.0,476.58,5445,MacIntel,1440x815,,GENUINE
91.94545454545454,16.945817397597768,283.335,242.91299346625496,0.0,0.0,0.0,0.0,0.0,0.0,0.0,0,0.0,0.0,0,MacIntel,1440x815,,IMPOSTOR
140.07,30.02,339.02,328.7,2.4,591.7715,904.0485,-0.553611,11.207637,0.274664,0.380237,2,0.0,1121.21,30002,MacIntel,1440x815,,IMPOSTOR
89.98,24.57,353.03,386.03,1.63,483.4953,534.7923,-0.2361,8.056134,0.2306,0.323728,6,0.0,2305.83,30000,MacIntel,1440x815,,IMPOSTOR
0.0,0.0,0.0,0.0,0.0,0.0,0.0,0.0,0.0,0.0,0.0,0,0.0,0.0,60010,MacIntel,1440x815,,IMPOSTOR
86.24,23.78,441.57,490.26,0.7,757.8726,1093.0532,-0.384159,21.573834,0.244989,0.338595,2,0.0,1274.13,30001,MacIntel,1440x815,,IMPOSTOR
113.54,21.1,341.66,353.48,1.93,631.3887,1013.9534,-1.960355,22.267536,0.281396,0.466196,6,0.0,2469.58,29995,MacIntel,1440x815,,IMPOSTOR
0.0,0.0,0.0,0.0,0.0,0.0,0.0,0.0,0.0,0.0,0.0,0,0.0,0.0,29996,MacIntel,1440x815,,IMPOSTOR
0.0,0.0,0.0,0.0,0.0,653.7453,822.2072,-0.23433,13.606803,0.367349,0.517631,0,300.0,6188.92,29994,MacIntel,1440x815,,IMPOSTOR
87.76,26.31,285.3,314.08,2.57,624.8362,788.7439,-0.432252,13.532572,0.278185,0.380959,4,0.0,1746.3,30013,MacIntel,1440x815,,IMPOSTOR
152.11,33.47,483.34,393.05,0.9,697.5286,968.3429,-1.675313,14.58732,0.305453,0.449582,2,0.0,1159.79,29997,MacIntel,1440x815,,IMPOSTOR
0.0,0.0,0.0,0.0,0.0,664.886,1175.4593,-0.918091,14.99085,0.251306,0.387109,2,821.0,4145.97,30000,MacIntel,1440x815,,GENUINE
89.28181818181818,13.39364163936143,179.675,141.54572582738058,0.0,0.0,0.0,0.0,0.0,0.0,0.0,0,0.0,0.0,0,MacIntel,1440x815,,IMPOSTOR
91.16,32.18,227.88,215.63,1.33,1232.3346,1792.8135,-1.365033,25.65966,0.212371,0.327747,3,0.0,2117.68,30012,MacIntel,1440x815,,IMPOSTOR
0.0,0.0,0.0,0.0,0.0,0.0,0.0,0.0,0.0,0.0,0.0,0,0.0,0.0,60009,MacIntel,1440x815,,IMPOSTOR
0.0,0.0,0.0,0.0,0.0,490.1553,599.7212,0.188857,9.996643,0.376534,0.506787,0,2911.0,365.2,2062,MacIntel,894x749,,GENUINE
0.0,0.0,0.0,0.0,0.0,429.0452,453.5743,-0.587211,8.141227,0.292475,0.434578,24,855.56,3668.58,30000,MacIntel,1440x815,,IMPOSTOR
110.93,17.32,409.28,395.64,2.07,583.8521,834.1863,-2.156678,16.022276,0.306222,0.471642,3,0.0,734.96,29997,MacIntel,894x749,,IMPOSTOR
93.12727272727273,18.928660328142136,249.505,277.9994764762204,0.0,0.0,0.0,0.0,0.0,0.0,0.0,0,0.0,0.0,0,MacIntel,1440x815,,IMPOSTOR
144.45,27.29,375.78,317.27,1.77,600.0545,773.161,-0.485034,11.600455,0.347811,0.520976,4,46.67,1914.44,30003,MacIntel,1440x815,,IMPOSTOR
144.56,31.34,451.02,387.13,1.17,829.1269,880.5982,-0.312096,16.220922,0.313999,0.559729,1,0.0,730.28,29992,MacIntel,1440x815,,IMPOSTOR
0.0,0.0,0.0,0.0,0.0,908.3938,1502.3379,-1.390205,19.263289,0.238396,0.412536,2,2641.0,3264.8,23224,MacIntel,1440x815,,GENUINE
102.21818181818182,23.470953034839397,264.63000000000005,258.58638808967333,0.0,0.0,0.0,0.0,0.0,0.0,0.0,0,0.0,0.0,0,MacIntel,1440x815,,IMPOSTOR
0.0,0.0,0.0,0.0,0.0,0.0,0.0,0.0,0.0,0.0,0.0,0,0.0,0.0,60005,MacIntel,1440x815,,IMPOSTOR
0.0,0.0,0.0,0.0,0.0,0.0,0.0,0.0,0.0,0.0,0.0,0,0.0,0.0,29996,MacIntel,1440x815,,IMPOSTOR
115.31,22.17,296.8,252.77,2.53,0.0,0.0,0.0,0.0,0.0,0.0,0,0.0,0.0,29997,MacIntel,1440x815,,IMPOSTOR
0.0,0.0,0.0,0.0,0.0,661.4896,1287.5026,-0.538491,18.655096,0.208152,0.274528,1,544.0,1628.7,30001,MacIntel,1440x815,,GENUINE
0.0,0.0,0.0,0.0,0.0,0.0,0.0,0.0,0.0,0.0,0.0,0,0.0,0.0,30233,MacIntel,1440x815,,IMPOSTOR
0.0,0.0,0.0,0.0,0.0,0.0,0.0,0.0,0.0,0.0,0.0,0,0.0,0.0,29999,MacIntel,1440x815,,GENUINE
89.42727272727274,23.70080550990159,169.77999999999997,124.35651888611903,0.0,0.0,0.0,0.0,0.0,0.0,0.0,0,0.0,0.0,0,MacIntel,1440x815,,IMPOSTOR
150.33,92.51,428.79,319.4,1.17,730.0318,1070.937,-2.24674,12.597809,0.256043,0.47878,0,0.0,814.49,29996,MacIntel,1440x815,,IMPOSTOR
98.0909090909091,25.365427437575523,239.145,233.43389118256067,0.0,0.0,0.0,0.0,0.0,0.0,0.0,0,0.0,0.0,0,MacIntel,1440x815,,IMPOSTOR
0.0,0.0,0.0,0.0,0.0,0.0,0.0,0.0,0.0,0.0,0.0,0,0.0,0.0,59993,MacIntel,1440x815,,IMPOSTOR
98.86363636363636,17.022530524412208,240.9000000000001,211.6848451925893,0.0,0.0,0.0,0.0,0.0,0.0,0.0,0,0.0,0.0,0,MacIntel,1440x815,,IMPOSTOR
167.61,39.19,610.15,495.85,1.2,0.0,0.0,0.0,0.0,0.0,0.0,0,0.0,0.0,30003,MacIntel,1440x815,,IMPOSTOR
90.36363636363636,14.42187732074245,178.39500000000004,132.7890114152206,0.0,0.0,0.0,0.0,0.0,0.0,0.0,0,0.0,0.0,0,MacIntel,1440x815,,IMPOSTOR
89.06363636363636,16.15445899603405,294.50000000000006,232.4248537303594,0.0,0.0,0.0,0.0,0.0,0.0,0.0,0,0.0,0.0,0,MacIntel,1440x815,,IMPOSTOR
0.0,0.0,0.0,0.0,0.0,0.0,0.0,0.0,0.0,0.0,0.0,0,0.0,0.0,29994,MacIntel,1440x815,,IMPOSTOR
162.22,33.85,357.02,309.55,2.7,0.0,0.0,0.0,0.0,0.0,0.0,0,0.0,0.0,30004,MacIntel,1440x815,,IMPOSTOR
84.24545454545456,14.014518445980483,182.86,165.34428005639757,0.0,0.0,0.0,0.0,0.0,0.0,0.0,0,0.0,0.0,0,MacIntel,1440x815,,IMPOSTOR
146.91,31.68,378.37,326.27,2.1,773.5665,1009.3402,-1.546354,16.970107,0.354554,0.534092,3,140.0,1240.95,30007,MacIntel,1440x815,,IMPOSTOR
107.84,71.24,360.73,376.16,2.83,0.0,0.0,0.0,0.0,0.0,0.0,0,0.0,0.0,30000,MacIntel,1440x815,,GENUINE
0.0,0.0,0.0,0.0,0.0,0.0,0.0,0.0,0.0,0.0,0.0,0,0.0,0.0,29996,MacIntel,1440x815,,IMPOSTOR
0.0,0.0,0.0,0.0,0.0,926.7402,1266.9215,-1.605439,19.839886,0.144541,0.190565,1,377.0,1552.18,30000,MacIntel,1440x815,,GENUINE
0.0,0.0,0.0,0.0,0.0,732.4179,1115.9029,-0.669375,17.735953,0.194343,0.332706,9,3759.0,7430.21,30000,MacIntel,1440x815,,GENUINE
78.97272727272725,13.65650694058264,169.58500000000004,136.42330899388895,0.0,0.0,0.0,0.0,0.0,0.0,0.0,0,0.0,0.0,0,MacIntel,1440x815,,IMPOSTOR
177.49,35.11,611.26,502.0,0.77,0.0,0.0,0.0,0.0,0.0,0.0,0,0.0,0.0,30008,MacIntel,1440x815,,IMPOSTOR
0.0,0.0,0.0,0.0,0.0,929.7749,1034.96,-0.462092,18.322758,0.260083,0.434055,0,0.0,1354.48,29990,MacIntel,1440x815,,IMPOSTOR
87.8,14.405762735794308,185.33,195.50597810216493,0.0,0.0,0.0,0.0,0.0,0.0,0.0,0,0.0,0.0,0,MacIntel,1440x815,,IMPOSTOR
0.0,0.0,0.0,0.0,0.0,227.129,380.3208,-0.476454,7.119001,0.552346,0.717067,2,516.0,471.14,29997,MacIntel,1440x815,,IMPOSTOR
92.2,22.328815463432,277.9299999999999,245.12870325177084,0.0,0.0,0.0,0.0,0.0,0.0,0.0,0,0.0,0.0,0,MacIntel,1440x815,,IMPOSTOR
0.0,0.0,0.0,0.0,0.0,939.1131,1487.0567,-0.776179,22.449286,0.261936,0.460738,3,2822.0,4318.33,30004,MacIntel,1440x815,,GENUINE
0.0,0.0,0.0,0.0,0.0,691.6829,1036.9647,-1.041236,19.168122,0.173433,0.346948,9,0.0,3548.77,29999,MacIntel,1440x815,,GENUINE
97.9,29.35,334.77,294.79,2.9,869.1887,1115.2075,-0.768942,19.562098,0.16956,0.262851,3,0.0,1293.32,30000,MacIntel,1440x815,,GENUINE
100.1,29.165356161034616,382.68,356.435343808368,0.0,0.0,0.0,0.0,0.0,0.0,0.0,0,0.0,0.0,0,MacIntel,1440x815,,IMPOSTOR
83.65,25.61,370.63,404.35,2.13,793.0206,1051.4824,-0.312198,17.054052,0.234092,0.375863,6,0.0,2500.32,29989,MacIntel,1440x815,,IMPOSTOR
156.89,33.36,482.91,458.0,1.97,0.0,0.0,0.0,0.0,0.0,0.0,0,0.0,0.0,29997,MacIntel,1440x815,,IMPOSTOR
98.25,33.66,371.71,366.96,2.33,876.1047,1245.858,-1.799491,23.503774,0.245545,0.511538,3,0.0,1007.13,30000,MacIntel,1440x815,,GENUINE
94.4818181818182,16.82514892545193,240.81000000000003,231.57998481825035,0.0,0.0,0.0,0.0,0.0,0.0,0.0,0,0.0,0.0,0,MacIntel,1440x815,,IMPOSTOR
90.24545454545456,15.039372569117614,262.29,232.60843062967436,0.0,0.0,0.0,0.0,0.0,0.0,0.0,0,0.0,0.0,0,MacIntel,1440x815,,IMPOSTOR
0.0,0.0,0.0,0.0,0.0,385.2303,460.3103,-0.389268,7.883008,0.322299,0.483505,22,1446.67,3234.1,30004,MacIntel,1440x815,,IMPOSTOR
93.44545454545457,19.50114681942391,305.14500000000004,227.72601375799223,0.0,0.0,0.0,0.0,0.0,0.0,0.0,0,0.0,0.0,0,MacIntel,1440x815,,IMPOSTOR
9.7,0.0,2000.0,0.0,0.03,523.3421,594.7041,-0.614527,9.409991,0.354541,0.558413,13,964.44,2557.6,29997,MacIntel,894x749,,IMPOSTOR
105.24,21.2,591.84,617.27,0.67,0.0,0.0,0.0,0.0,0.0,0.0,0,0.0,0.0,29996,MacIntel,1440x815,,IMPOSTOR
164.07,41.97,414.28,368.53,2.23,836.7107,1151.8287,-1.824542,14.754082,0.252174,0.502023,2,0.0,1152.35,30006,MacIntel,1440x815,,IMPOSTOR
0.0,0.0,0.0,0.0,0.0,461.451,626.8097,-0.678201,14.564278,0.398911,0.576581,5,386.0,1887.09,29997,MacIntel,1440x815,,IMPOSTOR
0.0,0.0,0.0,0.0,0.0,2147.2246,2426.8276,0.578841,34.886596,0.187314,0.307833,0,0.0,2357.72,29845,MacIntel,894x749,,IMPOSTOR
137.48,28.35,625.84,617.87,0.63,1063.9269,1437.7317,-0.499808,27.469892,0.344881,0.506242,2,178.89,2717.11,29998,MacIntel,1440x815,,IMPOSTOR
100.87272727272727,25.45769396112268,271.45500000000004,283.0597026014867,0.0,0.0,0.0,0.0,0.0,0.0,0.0,0,0.0,0.0,0,MacIntel,1440x815,,IMPOSTOR
159.01,22.82,482.27,427.72,1.5,864.3172,1397.0515,-1.591166,23.26968,0.238647,0.536193,4,0.0,1896.55,30000,MacIntel,1440x815,,IMPOSTOR
85.99090909090908,15.528390421769704,186.325,128.04476139636728,0.0,0.0,0.0,0.0,0.0,0.0,0.0,0,0.0,0.0,0,MacIntel,1440x815,,IMPOSTOR
114.04,27.8,356.61,346.67,2.4,680.3618,1181.7036,-2.514005,12.961754,0.244342,0.306555,3,0.0,909.4,29997,MacIntel,1440x815,,IMPOSTOR
0.0,0.0,0.0,0.0,0.0,696.397,1093.9742,-1.32676,18.096843,0.275154,0.489087,7,3442.0,3568.37,30001,MacIntel,1440x815,,GENUINE
0.0,0.0,0.0,0.0,0.0,0.0,0.0,0.0,0.0,0.0,0.0,0,0.0,0.0,30001,MacIntel,1440x815,,GENUINE
0.0,0.0,0.0,0.0,0.0,0.0,0.0,0.0,0.0,0.0,0.0,0,0.0,0.0,30002,MacIntel,1440x815,,IMPOSTOR
0.0,0.0,0.0,0.0,0.0,0.0,0.0,0.0,0.0,0.0,0.0,0,0.0,0.0,46765,MacIntel,1440x815,,IMPOSTOR
85.17,24.78,337.73,397.14,2.33,645.0496,1047.1179,-0.258297,22.769775,0.311014,0.409572,4,0.0,2223.2,29996,MacIntel,1440x815,,IMPOSTOR
0.0,0.0,0.0,0.0,0.0,0.0,0.0,0.0,0.0,0.0,0.0,0,0.0,0.0,29996,MacIntel,1440x815,,IMPOSTOR
0.0,0.0,0.0,0.0,0.0,823.0961,1043.7843,-0.457573,19.442221,0.296548,0.415745,0,0.0,5163.37,30003,MacIntel,1440x815,,IMPOSTOR
0.0,0.0,0.0,0.0,0.0,1106.1336,1512.3582,-1.07191,24.208728,0.194822,0.354421,1,340.0,2265.12,25171,MacIntel,1440x815,,GENUINE
131.83,26.95,701.58,551.4,1.27,0.0,0.0,0.0,0.0,0.0,0.0,0,0.0,0.0,30000,MacIntel,1440x815,,IMPOSTOR
99.63636363636364,22.461801919136978,330.64,356.1465626750638,0.0,0.0,0.0,0.0,0.0,0.0,0.0,0,0.0,0.0,0,MacIntel,1440x815,,IMPOSTOR
94.38,31.5,413.02,436.6,2.23,1019.4699,1451.9571,-1.74106,25.176463,0.260138,0.39888,2,0.0,1551.13,29999,MacIntel,1440x815,,GENUINE
0.0,0.0,0.0,0.0,0.0,1133.6194,1441.6053,-0.513904,20.933074,0.200378,0.252752,6,9149.0,5843.04,24983,MacIntel,1440x815,,GENUINE
0.0,0.0,0.0,0.0,0.0,334.7131,516.0416,-1.313726,7.969093,0.463003,0.590447,18,722.0,2985.33,29996,MacIntel,1440x815,,IMPOSTOR
191.02,389.84,477.87,464.06,1.83,1086.1377,1097.8529,-0.825889,18.492368,0.201864,0.21625,0,0.0,914.79,30003,MacIntel,1440x815,,IMPOSTOR
96.46363636363635,27.88925501791945,271.225,257.1617059873336,0.0,0.0,0.0,0.0,0.0,0.0,0.0,0,0.0,0.0,0,MacIntel,1440x815,,IMPOSTOR
94.3,19.94321939908399,231.345,181.6135529228564,0.0,0.0,0.0,0.0,0.0,0.0,0.0,0,0.0,0.0,0,MacIntel,1440x815,,IMPOSTOR
79.55,35.81,751.59,730.14,0.27,1108.3008,1656.683,-1.175349,22.387992,0.317282,0.529198,8,892.0,6732.91,30001,MacIntel,1440x815,,GENUINE
85.82727272727274,12.795475052462171,196.235,148.6522904208624,0.0,0.0,0.0,0.0,0.0,0.0,0.0,0,0.0,0.0,0,MacIntel,1440x815,,IMPOSTOR
81.87,22.92,328.8,272.69,3.13,0.0,0.0,0.0,0.0,0.0,0.0,0,0.0,0.0,29988,MacIntel,1440x815,,IMPOSTOR
0.0,0.0,0.0,0.0,0.0,0.0,0.0,0.0,0.0,0.0,0.0,0,0.0,0.0,29997,MacIntel,1440x815,,IMPOSTOR
94.78181818181818,18.0402227359763,314.78,230.85382843969285,0.0,0.0,0.0,0.0,0.0,0.0,0.0,0,0.0,0.0,0,MacIntel,1440x815,,IMPOSTOR
153.07,45.15,429.36,444.44,1.97,621.6752,278.6267,-0.500675,12.204785,0.151818,0.135761,0,0.0,62.43,30010,MacIntel,1440x815,,IMPOSTOR
135.22,38.02,477.32,405.1,2.07,0.0,0.0,0.0,0.0,0.0,0.0,0,0.0,0.0,30009,MacIntel,1440x815,,IMPOSTOR
90.76363636363637,21.646259387121496,244.13,138.35340370149723,0.0,0.0,0.0,0.0,0.0,0.0,0.0,0,0.0,0.0,0,MacIntel,1440x815,,IMPOSTOR
83.89,29.98,589.88,581.33,0.57,534.6093,701.2604,-0.836164,11.824037,0.28198,0.492652,8,262.0,2471.68,30000,MacIntel,1236x749,,GENUINE
91.7090909090909,16.838494858238047,290.72,243.3768522487837,0.0,0.0,0.0,0.0,0.0,0.0,0.0,0,0.0,0.0,0,MacIntel,1440x815,,IMPOSTOR
0.0,0.0,0.0,0.0,0.0,2914.6635,2430.5431,-0.367307,52.155586,0.166412,0.119785,0,0.0,1010.25,29998,MacIntel,1440x815,,IMPOSTOR
97.63,31.4,394.14,400.88,2.47,0.0,0.0,0.0,0.0,0.0,0.0,0,0.0,0.0,30000,MacIntel,1440x815,,GENUINE
86.93636363636364,15.573649073179524,202.895,161.23566431583436,0.0,0.0,0.0,0.0,0.0,0.0,0.0,0,0.0,0.0,0,MacIntel,1440x815,,IMPOSTOR
139.19,23.75,411.66,402.05,1.43,848.6409,1063.4437,-0.668637,17.434892,0.245945,0.510548,5,528.89,2513.29,29999,MacIntel,1236x749,,IMPOSTOR
0.0,0.0,0.0,0.0,0.0,1093.4597,1701.2346,-0.511232,16.826568,0.300208,0.444915,3,0.0,4437.0,9723,MacIntel,1440x815,,IMPOSTOR
110.15,22.03,500.03,504.22,1.07,306.3636,514.6345,-0.704893,11.405128,0.354724,0.545509,3,0.0,715.97,29999,MacIntel,1440x815,,IMPOSTOR
153.96,36.75,420.66,362.0,1.73,742.745,948.6238,-0.722495,18.093309,0.214225,0.425127,3,357.78,1334.97,29998,MacIntel,1440x815,,IMPOSTOR
141.16,33.9,361.24,298.86,1.93,809.2782,1277.415,-0.781939,21.931927,0.286913,0.49431,6,0.0,2722.25,29999,MacIntel,1440x815,,IMPOSTOR
0.0,0.0,0.0,0.0,0.0,25.3944,7.5506,-0.004943,0.159308,0.785398,0.785398,1,0.0,3.0,30009,MacIntel,1440x815,,IMPOSTOR
90.81,20.52,385.15,400.3,1.97,653.4227,761.4067,-0.38744,14.138747,0.253583,0.311372,6,0.0,2582.56,30009,MacIntel,1440x815,,IMPOSTOR
84.67272727272727,18.51065049689453,180.245,124.45103232745168,0.0,0.0,0.0,0.0,0.0,0.0,0.0,0,0.0,0.0,0,MacIntel,1440x815,,IMPOSTOR
0.0,0.0,0.0,0.0,0.0,1001.3012,1508.2834,-0.169789,22.701977,0.23262,0.441142,8,4921.0,6721.05,30000,MacIntel,1440x815,,GENUINE
121.02,28.02,521.2,457.96,1.4,272.6063,336.3623,-0.21315,7.333268,0.44224,0.623259,1,0.0,613.0,29996,MacIntel,1440x815,,IMPOSTOR
0.0,0.0,0.0,0.0,0.0,0.0,0.0,0.0,0.0,0.0,0.0,0,0.0,0.0,30013,MacIntel,1440x815,,IMPOSTOR
90.95454545454544,22.177392255915198,268.88500000000005,231.7082382175799,0.0,0.0,0.0,0.0,0.0,0.0,0.0,0,0.0,0.0,0,MacIntel,894x749,,IMPOSTOR
0.0,0.0,0.0,0.0,0.0,870.2135,1208.3592,-0.60234,18.060763,0.211745,0.440022,6,2807.0,5680.42,29999,MacIntel,1440x815,,GENUINE
90.1818181818182,15.806189811704668,214.17,214.8557756165505,0.0,0.0,0.0,0.0,0.0,0.0,0.0,0,0.0,0.0,0,MacIntel,1440x815,,IMPOSTOR
115.52,28.0,374.25,395.09,2.23,693.5259,1023.9832,-2.531674,17.653104,0.289192,0.495489,4,0.0,2054.71,30000,MacIntel,1440x815,,IMPOSTOR
118.48,66.47,355.98,296.52,2.4,1323.6321,1784.4957,-8.901882,46.161696,0.322981,0.521381,2,0.0,1625.77,30001,MacIntel,1440x815,,IMPOSTOR
120.09,27.71,384.62,365.55,2.63,0.0,0.0,0.0,0.0,0.0,0.0,0,0.0,0.0,29997,MacIntel,1440x815,,IMPOSTOR
0.0,0.0,0.0,0.0,0.0,309.6225,431.0381,-1.263383,7.909446,0.414126,0.544567,17,1325.0,2517.32,30003,MacIntel,1440x815,,IMPOSTOR
154.26,38.74,405.4,386.97,1.7,977.9442,1394.2667,-0.677449,19.356292,0.282388,0.457109,5,0.0,3363.24,29993,MacIntel,1440x815,,IMPOSTOR
0.0,0.0,0.0,0.0,0.0,593.5929,810.1835,-0.852061,12.371177,0.240858,0.404929,4,1118.0,2294.36,30000,MacIntel,1440x815,,GENUINE
108.46,21.91,283.63,249.61,3.17,829.1035,1292.4301,-2.900611,26.826488,0.278817,0.482174,3,0.0,972.82,30000,MacIntel,1440x815,,IMPOSTOR
0.0,0.0,0.0,0.0,0.0,0.0,0.0,0.0,0.0,0.0,0.0,0,0.0,0.0,30000,MacIntel,1440x815,,GENUINE
0.0,0.0,0.0,0.0,0.0,408.7862,389.5033,-0.494699,7.004682,0.31056,0.493132,22,1613.89,3426.92,30001,MacIntel,1440x815,,IMPOSTOR
0.0,0.0,0.0,0.0,0.0,1183.0243,1463.3284,0.684291,18.747518,0.224647,0.38065,2,0.0,11902.4,25851,MacIntel,1440x815,,IMPOSTOR
0.0,0.0,0.0,0.0,0.0,0.0,0.0,0.0,0.0,0.0,0.0,0,0.0,0.0,18630,MacIntel,1440x815,,GENUINE
87.83636363636363,17.370162505127734,259.2150000000001,234.57841977964597,0.0,0.0,0.0,0.0,0.0,0.0,0.0,0,0.0,0.0,0,MacIntel,1440x815,,IMPOSTOR
0.0,0.0,0.0,0.0,0.0,0.0,0.0,0.0,0.0,0.0,0.0,0,0.0,0.0,29996,MacIntel,1440x815,,IMPOSTOR
0.0,0.0,0.0,0.0,0.0,543.9394,676.4742,-2.123359,14.736581,0.290425,0.454831,5,1347.0,2185.41,29998,MacIntel,1440x815,,IMPOSTOR
96.61,27.03,481.25,488.04,1.8,1078.5207,1478.3303,-2.446338,21.213989,0.16454,0.38005,6,0.0,3075.31,30000,MacIntel,1440x815,,GENUINE
89.39999999999998,14.770985072093191,236.33,244.46556554419297,0.0,0.0,0.0,0.0,0.0,0.0,0.0,0,0.0,0.0,0,MacIntel,1440x815,,IMPOSTOR
0.0,0.0,0.0,0.0,0.0,493.3968,575.6647,-0.654218,10.886726,0.34275,0.538595,22,1438.89,3479.8,30002,MacIntel,1440x815,,IMPOSTOR
129.84,223.89,496.51,509.19,1.67,685.9921,941.2187,0.081797,17.582286,0.298121,0.464401,3,0.0,1423.62,30006,MacIntel,1440x815,,IMPOSTOR
0.0,0.0,0.0,0.0,0.0,298.1324,545.9942,-1.449967,9.248246,0.449878,0.552729,17,864.0,2575.28,29999,MacIntel,1440x815,,IMPOSTOR
84.48,25.35,311.2,358.7,2.47,550.3823,763.8205,-1.411103,16.032703,0.239136,0.368264,5,0.0,1786.4,30003,MacIntel,1440x815,,IMPOSTOR
0.0,0.0,0.0,0.0,0.0,963.9453,1286.8384,-1.501965,23.607017,0.225628,0.411917,4,9122.0,3952.68,29999,MacIntel,1440x815,,GENUINE
117.65,5.55,1154.35,845.65,0.07,662.7424,807.9944,-0.682187,17.125321,0.25969,0.382655,1,0.0,979.88,30003,MacIntel,1440x815,,IMPOSTOR
93.72727272727276,19.87541651936336,226.09,204.14059370933555,0.0,0.0,0.0,0.0,0.0,0.0,0.0,0,0.0,0.0,0,MacIntel,1440x815,,IMPOSTOR
85.03,25.71,334.83,288.0,1.5,1360.6166,1665.4806,-0.610439,30.655214,0.288803,0.523184,3,3876.0,5578.99,30000,MacIntel,1440x815,,GENUINE
0.0,0.0,0.0,0.0,0.0,428.7463,567.9131,-0.078526,9.36138,0.281711,0.394543,27,600.0,6888.53,30002,MacIntel,1440x815,,IMPOSTOR
158.94,44.26,409.75,342.36,1.37,827.5869,1199.8607,-0.818903,16.447835,0.362113,0.510763,6,0.0,2581.64,30000,MacIntel,1440x815,,IMPOSTOR
74.8,20.72,366.33,296.96,1.5,862.9917,1170.7255,-0.088767,15.3602,0.234562,0.394241,4,2741.0,3325.42,30002,MacIntel,1440x815,,GENUINE
86.94545454545454,16.02107135221385,161.02499999999998,129.3617037408554,0.0,0.0,0.0,0.0,0.0,0.0,0.0,0,0.0,0.0,0,MacIntel,1440x815,,IMPOSTOR
91.87272727272727,16.822371468321037,216.165,178.8881958242722,0.0,0.0,0.0,0.0,0.0,0.0,0.0,0,0.0,0.0,0,MacIntel,1440x815,,IMPOSTOR
0.0,0.0,0.0,0.0,0.0,449.006,473.4065,-0.59775,8.243865,0.327479,0.485761,20,1112.22,3214.01,30004,MacIntel,1440x815,,IMPOSTOR
0.0,0.0,0.0,0.0,0.0,4044.8073,1558.7363,-6.69009,51.779402,0.037617,0.024119,0,0.0,511.98,30000,MacIntel,1440x815,,IMPOSTOR
98.34,37.88,728.54,649.22,0.17,0.0,0.0,0.0,0.0,0.0,0.0,0,0.0,0.0,29996,MacIntel,1440x815,,IMPOSTOR
0.0,0.0,0.0,0.0,0.0,0.0,0.0,0.0,0.0,0.0,0.0,0,0.0,0.0,30010,MacIntel,1440x815,,IMPOSTOR
0.0,0.0,0.0,0.0,0.0,0.0,0.0,0.0,0.0,0.0,0.0,0,0.0,0.0,59992,MacIntel,1440x815,,IMPOSTOR
0.0,0.0,0.0,0.0,0.0,541.5007,601.0598,-1.484016,12.342455,0.347849,0.401257,1,0.0,410.76,29996,MacIntel,1440x815,,IMPOSTOR
109.74545454545456,24.91061475099977,373.34,433.5341052570751,0.0,0.0,0.0,0.0,0.0,0.0,0.0,0,0.0,0.0,0,MacIntel,1440x815,,IMPOSTOR
0.0,0.0,0.0,0.0,0.0,0.0,0.0,0.0,0.0,0.0,0.0,0,0.0,0.0,29995,MacIntel,1440x815,,IMPOSTOR
0.0,0.0,0.0,0.0,0.0,958.9151,1309.2086,-0.53476,19.762594,0.216486,0.285044,3,3451.0,4419.65,30000,MacIntel,1440x815,,GENUINE
0.0,0.0,0.0,0.0,0.0,1185.7898,1798.5392,-1.497665,27.835809,0.236196,0.433009,1,0.0,5180.04,30137,MacIntel,1440x815,,GENUINE
85.68181818181817,20.229523878817226,260.84,272.13973848587034,0.0,0.0,0.0,0.0,0.0,0.0,0.0,0,0.0,0.0,0,MacIntel,1440x815,,IMPOSTOR
86.41818181818182,12.517573101988914,162.99000000000004,128.88923396303878,0.0,0.0,0.0,0.0,0.0,0.0,0.0,0,0.0,0.0,0,MacIntel,1440x815,,IMPOSTOR
92.3,22.23,348.53,367.94,2.2,887.0411,968.4058,-0.359531,16.635416,0.233552,0.375768,4,0.0,2357.23,29999,MacIntel,1440x815,,IMPOSTOR
93.1,24.34,466.17,521.66,1.53,752.1728,925.093,-0.086108,17.818198,0.255439,0.427993,7,700.0,3230.66,30001,MacIntel,1236x749,,IMPOSTOR
0.0,0.0,0.0,0.0,0.0,0.0,0.0,0.0,0.0,0.0,0.0,0,0.0,0.0,29996,MacIntel,1440x815,,IMPOSTOR
0.0,0.0,0.0,0.0,0.0,2239.5728,2425.6318,-3.727335,46.105766,0.254956,0.420421,1,0.0,3324.63,29995,MacIntel,1440x815,,IMPOSTOR
0.0,0.0,0.0,0.0,0.0,0.0,0.0,0.0,0.0,0.0,0.0,0,0.0,0.0,30002,MacIntel,894x749,,GENUINE
0.0,0.0,0.0,0.0,0.0,326.207,558.3083,-1.010285,10.810005,0.499582,0.611567,10,141.0,1399.94,29996,MacIntel,1440x815,,IMPOSTOR
0.0,0.0,0.0,0.0,0.0,415.5653,441.3221,-0.715481,7.949517,0.323793,0.477142,25,983.89,3557.02,29999,MacIntel,894x749,,IMPOSTOR
0.0,0.0,0.0,0.0,0.0,1006.788,1566.3355,-1.208893,20.817347,0.205912,0.430945,4,1838.0,5462.1,29861,MacIntel,1440x815,,GENUINE
0.0,0.0,0.0,0.0,0.0,896.1397,1265.6176,-1.211442,21.929344,0.238985,0.442666,4,3314.0,3902.7,30000,MacIntel,1440x815,,GENUINE
183.31,244.92,443.89,437.51,1.9,0.0,0.0,0.0,0.0,0.0,0.0,0,0.0,0.0,29993,MacIntel,1440x815,,IMPOSTOR
123.68,29.27,364.94,345.55,1.73,844.1243,1210.3965,-1.595253,28.037261,0.299714,0.44015,3,0.0,1886.95,29994,MacIntel,1440x815,,IMPOSTOR
0.0,0.0,0.0,0.0,0.0,0.0,0.0,0.0,0.0,0.0,0.0,0,0.0,0.0,29798,MacIntel,1440x815,,IMPOSTOR
96.86,31.45,897.98,688.58,0.33,367.5475,444.8063,-0.411398,5.904971,0.237951,0.49436,3,0.0,1156.76,30000,MacIntel,1440x815,,GENUINE
156.3,40.37,503.39,499.38,1.57,1074.5312,1094.9198,-1.17922,15.095104,0.324927,0.439776,1,330.56,1041.95,29999,MacIntel,1440x815,,IMPOSTOR
86.38181818181819,17.7705834559149,306.505,488.5539203932141,0.0,0.0,0.0,0.0,0.0,0.0,0.0,0,0.0,0.0,0,MacIntel,1440x815,,IMPOSTOR
0.0,0.0,0.0,0.0,0.0,310.3033,497.9242,-1.62799,9.613062,0.471202,0.610917,11,519.0,1732.39,29996,MacIntel,1440x815,,IMPOSTOR
215.69,309.54,511.18,484.49,1.7,702.8149,1011.0681,-3.317511,18.907988,0.316666,0.442415,0,0.0,524.96,29997,MacIntel,1440x815,,IMPOSTOR
145.37,32.56,427.27,397.79,2.07,1446.0689,1730.2342,-1.707107,27.600964,0.246829,0.527121,2,198.33,1091.06,30000,MacIntel,1236x749,,IMPOSTOR
0.0,0.0,0.0,0.0,0.0,0.0,0.0,0.0,0.0,0.0,0.0,0,0.0,0.0,29999,MacIntel,1440x815,,GENUINE
0.0,0.0,0.0,0.0,0.0,826.3385,1423.0714,-0.780507,20.148597,0.228457,0.361278,5,1539.0,6495.35,30000,MacIntel,1440x815,,GENUINE
107.55454545454546,23.64353457655448,475.9800000000001,474.1443790772241,0.0,0.0,0.0,0.0,0.0,0.0,0.0,0,0.0,0.0,0,MacIntel,1440x815,,IMPOSTOR
90.03636363636363,22.678018993169253,241.73000000000005,248.52338680589736,0.0,0.0,0.0,0.0,0.0,0.0,0.0,0,0.0,0.0,0,MacIntel,894x749,,IMPOSTOR
0.0,0.0,0.0,0.0,0.0,320.4599,455.0806,-1.510403,8.043981,0.428529,0.572943,19,1505.0,2953.39,30003,MacIntel,1440x815,,IMPOSTOR
0.0,0.0,0.0,0.0,0.0,344.0166,408.2301,-0.608014,7.697908,0.372346,0.474322,16,1108.33,2324.63,29999,MacIntel,1440x815,,IMPOSTOR
82.87272727272726,25.213214428513112,238.91499999999996,159.14161609611804,0.0,0.0,0.0,0.0,0.0,0.0,0.0,0,0.0,0.0,0,MacIntel,1440x815,,IMPOSTOR
124.27,29.37,391.84,373.95,1.93,465.5825,873.4627,-1.471705,14.655469,0.291338,0.467157,2,0.0,1065.82,30001,MacIntel,1440x815,,IMPOSTOR
87.32,29.67,329.38,375.2,2.6,844.7457,1212.8863,-1.379286,19.51556,0.210505,0.351469,6,0.0,3370.51,30002,MacIntel,1440x815,,GENUINE
0.0,0.0,0.0,0.0,0.0,0.0,0.0,0.0,0.0,0.0,0.0,0,0.0,0.0,30012,MacIntel,1440x815,,IMPOSTOR
91.6,30.38,332.01,344.35,1.63,794.6962,1512.0458,-1.836387,21.187147,0.243483,0.419623,7,0.0,4627.67,30001,MacIntel,1440x815,,GENUINE
95.05,23.37,339.08,347.1,1.53,505.0351,1101.402,-0.381158,15.94566,0.319004,0.449859,3,0.0,2680.45,30002,MacIntel,1440x815,,IMPOSTOR
88.11818181818182,12.0638151661751,174.855,145.27333031220837,0.0,0.0,0.0,0.0,0.0,0.0,0.0,0,0.0,0.0,0,MacIntel,1440x815,,IMPOSTOR
144.35,31.49,747.65,518.2,1.17,0.0,0.0,0.0,0.0,0.0,0.0,0,0.0,0.0,30000,MacIntel,1440x815,,IMPOSTOR
87.81818181818181,16.518160804509574,212.355,183.28172871005816,0.0,0.0,0.0,0.0,0.0,0.0,0.0,0,0.0,0.0,0,MacIntel,1236x749,,IMPOSTOR
0.0,0.0,0.0,0.0,0.0,0.0,0.0,0.0,0.0,0.0,0.0,0,0.0,0.0,29996,MacIntel,1440x815,,IMPOSTOR
91.3,15.48018087749623,203.72,142.77343332412337,0.0,0.0,0.0,0.0,0.0,0.0,0.0,0,0.0,0.0,0,MacIntel,1440x815,,IMPOSTOR
95.2,21.36,469.6,519.42,1.43,780.6771,1322.3176,-0.611051,20.635121,0.285101,0.441821,10,0.0,4466.02,29999,MacIntel,1440x815,,IMPOSTOR
0.0,0.0,0.0,0.0,0.0,1126.8593,1603.3839,1.924525,25.316871,0.327436,0.641154,1,0.0,2682.94,29999,MacIntel,1440x815,,GENUINE
186.05,59.33,608.76,516.34,1.23,0.0,0.0,0.0,0.0,0.0,0.0,0,0.0,0.0,30006,MacIntel,1236x749,,IMPOSTOR
0.0,0.0,0.0,0.0,0.0,331.4592,404.3585,-0.565078,6.837462,0.367069,0.453056,8,136.11,1187.6,29991,MacIntel,1440x815,,IMPOSTOR
0.0,0.0,0.0,0.0,0.0,331.2515,507.635,-1.019577,9.571739,0.422761,0.57916,18,871.0,2973.56,29992,MacIntel,1440x815,,IMPOSTOR
0.0,0.0,0.0,0.0,0.0,1586.1414,2081.8767,-0.773201,24.902181,0.21031,0.453873,1,628.0,1455.05,30000,MacIntel,1440x815,,GENUINE
0.0,0.0,0.0,0.0,0.0,404.3261,514.4273,-0.696196,8.09967,0.330481,0.5119,20,1127.78,3306.94,30000,MacIntel,1440x815,,IMPOSTOR
89.42727272727272,18.226359532780588,266.055,286.26124519396615,0.0,0.0,0.0,0.0,0.0,0.0,0.0,0,0.0,0.0,0,MacIntel,1440x815,,IMPOSTOR
91.36,26.34,376.07,445.67,1.87,686.6624,932.0276,-0.373507,13.124621,0.282707,0.386926,6,0.0,3088.76,29999,MacIntel,1440x815,,IMPOSTOR
0.0,0.0,0.0,0.0,0.0,430.1347,475.4437,-0.785658,9.023408,0.316232,0.489171,24,1108.33,3535.74,30004,MacIntel,1440x815,,IMPOSTOR
83.34,22.05,309.97,330.79,2.63,740.9352,660.7333,-0.178561,11.823123,0.259555,0.416769,3,0.0,1930.67,30003,MacIntel,1440x815,,IMPOSTOR
181.87,68.41,731.21,571.63,1.13,0.0,0.0,0.0,0.0,0.0,0.0,0,0.0,0.0,29996,MacIntel,1440x815,,IMPOSTOR
0.0,0.0,0.0,0.0,0.0,422.3856,464.1178,-0.135421,8.664916,0.28456,0.377588,27,400.0,6492.86,30004,MacIntel,1440x815,,IMPOSTOR
82.54,22.79,239.67,226.21,3.53,1044.205,1436.4764,-1.979162,22.044535,0.280833,0.393174,2,0.0,2073.59,30000,MacIntel,1440x815,,IMPOSTOR
161.03,33.16,503.74,441.27,1.3,1123.258,1258.3296,-0.577235,23.046168,0.256081,0.485712,4,536.67,2904.19,30001,MacIntel,1440x815,,IMPOSTOR
0.0,0.0,0.0,0.0,0.0,0.0,0.0,0.0,0.0,0.0,0.0,0,0.0,0.0,60000,MacIntel,1440x815,,GENUINE
0.0,0.0,0.0,0.0,0.0,0.0,0.0,0.0,0.0,0.0,0.0,0,0.0,0.0,50003,MacIntel,1440x815,,GENUINE
90.46,32.36,302.76,352.78,1.13,789.8779,1169.3305,-0.200003,19.606566,0.248164,0.508446,4,0.0,1622.33,29989,MacIntel,1440x815,,IMPOSTOR
145.44,25.75,387.41,343.96,0.23,711.4296,1218.5403,-0.639059,27.534281,0.170974,0.400603,2,0.0,1150.15,29993,MacIntel,1440x815,,IMPOSTOR
90.31818181818184,14.174541839637584,277.71000000000004,300.4156522308103,0.0,0.0,0.0,0.0,0.0,0.0,0.0,0,0.0,0.0,0,MacIntel,1440x815,,IMPOSTOR
0.0,0.0,0.0,0.0,0.0,0.0,0.0,0.0,0.0,0.0,0.0,0,0.0,0.0,29994,MacIntel,1440x815,,IMPOSTOR
96.7818181818182,25.594914267557847,294.41,254.100966049656,0.0,0.0,0.0,0.0,0.0,0.0,0.0,0,0.0,0.0,0,MacIntel,1440x815,,IMPOSTOR
84.51,30.95,550.28,548.32,1.43,347.8714,599.4317,-0.617731,14.493185,0.234244,0.29581,1,0.0,385.93,30001,MacIntel,1440x815,,GENUINE
0.0,0.0,0.0,0.0,0.0,1445.6847,1398.1756,-0.481869,18.940866,0.322739,0.504508,2,0.0,3549.51,30000,MacIntel,1440x815,,GENUINE
90.12727272727274,14.13407873963428,258.58500000000004,176.5770005736278,0.0,0.0,0.0,0.0,0.0,0.0,0.0,0,0.0,0.0,0,MacIntel,1440x815,,IMPOSTOR
0.0,0.0,0.0,0.0,0.0,0.0,0.0,0.0,0.0,0.0,0.0,0,0.0,0.0,30000,MacIntel,1440x815,,GENUINE
102.9,98.99,312.46,293.28,3.23,0.0,0.0,0.0,0.0,0.0,0.0,0,0.0,0.0,29996,MacIntel,1440x815,,IMPOSTOR
92.13636363636364,21.65909844510028,275.68000000000006,235.6618531978215,0.0,0.0,0.0,0.0,0.0,0.0,0.0,0,0.0,0.0,0,MacIntel,1440x815,,IMPOSTOR
0.0,0.0,0.0,0.0,0.0,893.7541,1549.3392,-1.239202,27.727618,0.230759,0.46219,6,1543.0,5302.26,30000,MacIntel,1440x815,,GENUINE
90.83,24.36,360.26,362.42,2.43,0.0,0.0,0.0,0.0,0.0,0.0,0,0.0,0.0,29999,MacIntel,1440x815,,IMPOSTOR
0.0,0.0,0.0,0.0,0.0,223.2383,309.2565,-0.130138,5.677063,0.426087,0.545104,7,192.0,1392.43,29997,MacIntel,1440x815,,IMPOSTOR
87.43636363636364,15.752858326492548,230.74500000000003,239.9011934219235,0.0,0.0,0.0,0.0,0.0,0.0,0.0,0,0.0,0.0,0,MacIntel,1440x815,,IMPOSTOR
94.18,37.79,293.28,252.84,3.27,1010.8832,1581.756,-2.071241,24.069105,0.119874,0.202828,4,0.0,1312.51,30000,MacIntel,1440x815,,GENUINE
152.26,30.59,394.67,324.46,2.1,1230.9577,1939.9013,-2.283027,32.80356,0.260642,0.584524,3,420.0,1224.18,29993,MacIntel,1440x815,,IMPOSTOR
0.0,0.0,0.0,0.0,0.0,0.0,0.0,0.0,0.0,0.0,0.0,0,0.0,0.0,29994,MacIntel,1440x815,,IMPOSTOR
158.54,55.36,404.61,435.17,2.1,1154.8618,1589.2456,-1.841921,23.679184,0.216233,0.434526,2,0.0,1908.36,30005,MacIntel,1440x815,,IMPOSTOR
83.03,25.97,324.8,354.94,2.63,507.939,706.3247,-0.335804,13.704567,0.304194,0.498315,3,0.0,1169.22,29995,MacIntel,1440x815,,IMPOSTOR
0.0,0.0,0.0,0.0,0.0,842.4477,1097.807,-0.806588,20.250259,0.223026,0.460775,4,1917.0,5378.55,29999,MacIntel,1440x815,,GENUINE
144.75,27.51,408.35,425.75,1.47,986.5062,1499.9404,-1.069336,23.256607,0.268215,0.567558,3,400.56,1529.58,29988,MacIntel,1440x815,,IMPOSTOR
156.38,30.74,491.41,425.13,1.83,1525.6092,2108.9098,-3.971858,26.930282,0.427829,0.741701,2,233.33,1410.9,29997,MacIntel,1440x815,,IMPOSTOR
0.0,0.0,0.0,0.0,0.0,0.0,0.0,0.0,0.0,0.0,0.0,0,0.0,0.0,100,MacIntel,1440x815,,IMPOSTOR
149.84,32.18,476.02,565.63,0.6,585.2857,740.7777,-0.906011,14.129149,0.307786,0.53982,10,202.22,3662.18,30007,MacIntel,894x749,,IMPOSTOR
100.6,31.77,535.58,556.69,1.27,771.0851,1197.9461,-1.201019,19.808368,0.16977,0.31165,5,0.0,3000.78,30000,MacIntel,1440x815,,GENUINE
94.43636363636364,26.688846836357424,353.4,280.5852004950406,0.0,0.0,0.0,0.0,0.0,0.0,0.0,0,0.0,0.0,0,MacIntel,1440x815,,IMPOSTOR
110.29,25.32,406.1,439.47,1.6,602.337,875.4469,-1.651027,17.561264,0.346615,0.497642,3,0.0,890.02,29999,MacIntel,1440x815,,IMPOSTOR
0.0,0.0,0.0,0.0,0.0,668.5953,1138.4101,0.027782,14.860708,0.24872,0.391089,7,4765.0,4292.91,26128,MacIntel,1440x815,,GENUINE
0.0,0.0,0.0,0.0,0.0,0.0,0.0,0.0,0.0,0.0,0.0,0,0.0,0.0,30010,MacIntel,1440x815,,IMPOSTOR
0.0,0.0,0.0,0.0,0.0,379.1465,357.601,-0.357945,6.333702,0.34682,0.518622,20,1050.0,3168.72,29991,MacIntel,1440x815,,IMPOSTOR
179.2,22.0,1914.85,85.15,0.07,0.0,0.0,0.0,0.0,0.0,0.0,0,0.0,0.0,29996,MacIntel,1440x815,,IMPOSTOR
0.0,0.0,0.0,0.0,0.0,0.0,0.0,0.0,0.0,0.0,0.0,0,0.0,0.0,29998,MacIntel,1440x815,,IMPOSTOR
0.0,0.0,0.0,0.0,0.0,1154.2428,1522.8893,-1.006957,23.333984,0.233511,0.418095,4,1118.0,9571.32,30138,MacIntel,1236x749,,GENUINE
0.0,0.0,0.0,0.0,0.0,361.7581,337.7898,-0.19016,5.879825,0.281022,0.385899,31,1100.0,5973.38,29996,MacIntel,1440x815,,IMPOSTOR
0.0,0.0,0.0,0.0,0.0,1997.2513,2250.7068,-4.847007,25.54805,0.106644,0.105701,0,0.0,1038.77,25003,MacIntel,1440x815,,IMPOSTOR
96.97,29.14,376.54,391.18,2.03,971.7288,1447.2415,-0.517135,25.566716,0.290969,0.462499,7,0.0,3673.76,29994,MacIntel,1440x815,,IMPOSTOR
151.78,38.43,421.2,368.31,2.07,986.0348,1363.9311,-1.621965,15.845311,0.270673,0.448181,2,0.0,1452.8,30010,MacIntel,1440x815,,IMPOSTOR
0.0,0.0,0.0,0.0,0.0,735.6535,1350.4773,0.310999,20.506024,0.23027,0.475764,7,5769.0,3379.18,30002,MacIntel,1440x815,,GENUINE
0.0,0.0,0.0,0.0,0.0,649.7317,1079.5981,-1.162957,18.308557,0.267252,0.463393,5,3730.0,2384.79,30002,MacIntel,1440x815,,GENUINE
158.23,40.23,1371.76,645.24,0.27,470.2747,903.293,-0.553495,13.639243,0.318249,0.589623,8,0.0,2072.97,30002,MacIntel,1440x815,,IMPOSTOR
89.1,23.01,413.15,433.5,2.03,883.4758,1238.1123,-0.590535,27.440696,0.322537,0.456895,4,0.0,1810.93,30006,MacIntel,1440x815,,IMPOSTOR
0.0,0.0,0.0,0.0,0.0,0.0,0.0,0.0,0.0,0.0,0.0,0,0.0,0.0,30001,MacIntel,1440x815,,GENUINE
125.91,31.51,482.09,474.38,0.5,950.0656,1324.2265,-4.501642,25.28148,0.320651,0.55556,3,0.0,1453.46,30002,MacIntel,1440x815,,IMPOSTOR
169.95,70.95,420.13,352.01,2.1,902.415,1646.2735,-0.843838,21.488207,0.49677,0.602073,3,0.0,1371.99,30003,MacIntel,894x749,,IMPOSTOR
85.45454545454545,16.62289767978878,212.385,211.26145506158204,0.0,0.0,0.0,0.0,0.0,0.0,0.0,0,0.0,0.0,0,MacIntel,1440x815,,IMPOSTOR
92.9090909090909,16.06495904417154,212.61499999999995,237.90905886383075,0.0,0.0,0.0,0.0,0.0,0.0,0.0,0,0.0,0.0,0,MacIntel,1440x815,,IMPOSTOR
0.0,0.0,0.0,0.0,0.0,0.0,0.0,0.0,0.0,0.0,0.0,0,0.0,0.0,59998,MacIntel,1440x815,,IMPOSTOR
157.61,32.08,375.14,326.96,1.73,793.119,1091.7234,-0.969458,16.329179,0.312371,0.467979,5,54.44,2795.37,29990,MacIntel,1440x815,,IMPOSTOR
85.72727272727273,14.72882146738774,223.675,240.36315479750743,0.0,0.0,0.0,0.0,0.0,0.0,0.0,0,0.0,0.0,0,MacIntel,1440x815,,IMPOSTOR
151.58,36.17,377.38,368.63,2.0,830.8447,1119.9304,-0.803159,17.336577,0.267448,0.473826,7,0.0,2835.24,29990,MacIntel,1440x815,,IMPOSTOR
94.39090909090908,18.41186870176162,167.255,139.91992249328297,0.0,0.0,0.0,0.0,0.0,0.0,0.0,0,0.0,0.0,0,MacIntel,1440x815,,IMPOSTOR
143.03,56.91,328.73,310.84,2.13,0.0,0.0,0.0,0.0,0.0,0.0,0,0.0,0.0,30007,MacIntel,1236x749,,IMPOSTOR
113.99,230.94,415.58,461.62,1.87,909.7218,1162.5424,-0.786729,18.013359,0.263412,0.415116,2,0.0,1381.33,30004,MacIntel,1440x815,,IMPOSTOR
149.22,28.1,326.35,269.7,2.7,954.0517,632.7253,-0.793838,13.297797,0.255036,0.489224,1,35.0,865.76,29996,MacIntel,1440x815,,IMPOSTOR
134.51,200.23,474.57,429.29,1.73,782.5999,1050.4556,-0.424262,20.73791,0.268141,0.418327,4,0.0,1775.06,29997,MacIntel,1236x749,,IMPOSTOR
90.75454545454544,23.587427313565325,224.965,220.13675480434767,0.0,0.0,0.0,0.0,0.0,0.0,0.0,0,0.0,0.0,0,MacIntel,894x749,,IMPOSTOR
90.92,34.84,566.52,538.88,0.83,931.4364,1252.1596,-0.661472,20.395831,0.226032,0.341497,13,1133.0,10216.0,30000,MacIntel,1440x815,,GENUINE
0.0,0.0,0.0,0.0,0.0,425.3044,449.3761,-0.613862,8.274157,0.280706,0.465491,25,1085.0,3721.75,30014,MacIntel,1440x815,,IMPOSTOR
87.42,25.93,295.38,272.75,2.77,567.2743,699.5586,-0.616439,10.351967,0.205566,0.333965,3,0.0,1345.07,29997,MacIntel,1440x815,,IMPOSTOR
0.0,0.0,0.0,0.0,0.0,799.0936,910.981,-1.377141,14.077977,0.291022,0.484032,2,587.0,1268.04,29998,MacIntel,1440x815,,GENUINE
0.0,0.0,0.0,0.0,0.0,421.7641,434.4212,-0.525695,8.088571,0.268154,0.484775,23,2041.67,3478.1,29992,MacIntel,1440x815,,IMPOSTOR
116.49,24.96,373.27,468.89,1.37,411.3811,587.4265,-1.450882,10.68368,0.415876,0.569163,5,0.0,1497.1,29998,MacIntel,1440x815,,IMPOSTOR
107.72,151.89,317.18,358.82,2.93,904.9793,1157.6224,-3.835942,31.371268,0.289125,0.440928,3,0.0,1027.13,29998,MacIntel,1440x815,,IMPOSTOR
85.48181818181818,19.110772783004784,206.385,173.25736036616925,0.0,0.0,0.0,0.0,0.0,0.0,0.0,0,0.0,0.0,0,MacIntel,894x749,,IMPOSTOR
94.39090909090906,15.401393089292574,167.32499999999993,123.95760257782538,0.0,0.0,0.0,0.0,0.0,0.0,0.0,0,0.0,0.0,0,MacIntel,1440x815,,IMPOSTOR
0.0,0.0,0.0,0.0,0.0,345.2675,483.3355,-1.420479,9.519781,0.404688,0.554072,19,824.0,3247.79,29995,MacIntel,1440x815,,IMPOSTOR
149.94,35.7,473.75,454.96,1.6,834.055,1254.3085,-1.185045,21.745239,0.379303,0.485311,4,143.89,2359.57,30001,MacIntel,1236x749,,IMPOSTOR
88.39090909090909,14.426812159687566,220.79999999999995,209.8925639965662,0.0,0.0,0.0,0.0,0.0,0.0,0.0,0,0.0,0.0,0,MacIntel,1440x815,,IMPOSTOR
84.99,26.84,293.72,308.64,3.03,714.737,782.307,-0.723229,16.896634,0.248539,0.398099,1,0.0,1225.21,30002,MacIntel,1440x815,,IMPOSTOR
130.83,63.0,404.6,335.12,2.57,0.0,0.0,0.0,0.0,0.0,0.0,0,0.0,0.0,29999,MacIntel,1440x815,,IMPOSTOR
86.71,23.72,304.5,307.92,2.83,822.3595,881.5887,0.329542,15.760715,0.271192,0.480544,2,0.0,1180.29,30000,MacIntel,1440x815,,IMPOSTOR
84.74,23.86,350.14,338.32,2.5,744.711,850.0343,-0.25917,15.512733,0.217946,0.26664,3,0.0,1640.12,30003,MacIntel,1440x815,,IMPOSTOR
93.32727272727271,19.88673381473644,353.39500000000004,316.6300622011019,0.0,0.0,0.0,0.0,0.0,0.0,0.0,0,0.0,0.0,0,MacIntel,1440x815,,IMPOSTOR
0.0,0.0,0.0,0.0,0.0,1337.0029,1505.4814,-0.909934,22.653216,0.192378,0.375132,1,2659.0,5003.45,66800,MacIntel,1440x815,,GENUINE
0.0,0.0,0.0,0.0,0.0,0.0,0.0,0.0,0.0,0.0,0.0,0,0.0,0.0,34604,MacIntel,1440x815,,GENUINE
0.0,0.0,0.0,0.0,0.0,941.9088,1028.4539,-0.166371,17.224188,0.149426,0.238635,1,423.0,455.82,10776,MacIntel,1440x815,,GENUINE
99.12,74.0,408.77,451.94,1.8,0.0,0.0,0.0,0.0,0.0,0.0,0,0.0,0.0,29998,MacIntel,894x749,,IMPOSTOR
86.99,23.36,275.42,276.73,3.7,0.0,0.0,0.0,0.0,0.0,0.0,0,0.0,0.0,29997,MacIntel,1440x815,,IMPOSTOR
169.8,53.87,947.32,562.48,0.2,339.0251,512.2625,-0.581449,9.443447,0.395832,0.570848,4,0.0,844.22,30001,MacIntel,1440x815,,IMPOSTOR
0.0,0.0,0.0,0.0,0.0,1182.8905,1369.5671,-0.6426,22.791443,0.274492,0.462809,3,1615.0,8690.7,29999,MacIntel,1236x749,,GENUINE
0.0,0.0,0.0,0.0,0.0,558.9197,667.4601,-1.461235,12.0137,0.328172,0.5214,16,1331.0,5988.16,29994,MacIntel,1440x815,,IMPOSTOR
0.0,0.0,0.0,0.0,0.0,864.3277,1122.0007,-0.68485,19.722923,0.234728,0.42078,2,8189.0,3377.98,30002,MacIntel,1440x815,,GENUINE
116.83,36.54,370.06,241.65,1.31,403.7882,497.7551,-1.063017,6.438242,0.170597,0.277183,3,0.0,360.25,7617,MacIntel,894x749,,GENUINE
0.0,0.0,0.0,0.0,0.0,754.6498,1152.2752,-0.80078,14.188291,0.174391,0.291946,8,1756.0,4493.6,30000,MacIntel,1440x815,,GENUINE
0.0,0.0,0.0,0.0,0.0,697.61,923.7944,-0.755279,16.423767,0.225177,0.390887,7,1622.0,4232.12,30000,MacIntel,1440x815,,GENUINE
0.0,0.0,0.0,0.0,0.0,619.0584,1042.7491,-0.578272,14.73839,0.209026,0.354115,9,1397.0,4156.09,30001,MacIntel,1440x815,,GENUINE
144.2,34.73,747.57,563.49,0.93,295.1922,498.2223,-0.430385,12.459451,0.284319,0.496201,0,108.89,457.41,29979,MacIntel,1440x815,,IMPOSTOR
0.0,0.0,0.0,0.0,0.0,493.5627,667.4162,-0.526077,8.839589,0.204375,0.301266,0,718.0,993.34,30000,MacIntel,1440x815,,GENUINE
85.22727272727272,18.39576532298077,186.92,167.14819960615475,0.0,0.0,0.0,0.0,0.0,0.0,0.0,0,0.0,0.0,0,MacIntel,1440x815,,IMPOSTOR
160.77,206.63,440.58,430.15,1.87,301.3095,407.6664,-0.384234,8.098284,0.297854,0.345225,1,300.0,529.97,29994,MacIntel,1440x815,,IMPOSTOR
0.0,0.0,0.0,0.0,0.0,0.0,0.0,0.0,0.0,0.0,0.0,0,0.0,0.0,59992,MacIntel,1440x815,,IMPOSTOR
151.53,27.0,466.31,458.28,1.77,982.969,1171.6367,-1.293563,17.002056,0.286514,0.501971,5,0.0,1774.08,30008,MacIntel,1440x815,,IMPOSTOR
0.0,0.0,0.0,0.0,0.0,0.0,0.0,0.0,0.0,0.0,0.0,0,0.0,0.0,29999,MacIntel,1440x815,,GENUINE
0.0,0.0,0.0,0.0,0.0,0.0,0.0,0.0,0.0,0.0,0.0,0,0.0,0.0,35997,MacIntel,1440x815,,IMPOSTOR
86.38,39.75,663.58,666.32,0.3,952.1147,1201.0963,-0.612469,18.268774,0.189194,0.301241,8,2222.0,9018.42,30001,MacIntel,1440x815,,GENUINE
0.0,0.0,0.0,0.0,0.0,18.6619,27.4942,-0.062436,1.208541,1.570796,0.0,0,1221.0,13.41,30001,MacIntel,1440x815,,GENUINE
119.94,20.72,484.04,497.22,0.93,0.0,0.0,0.0,0.0,0.0,0.0,0,0.0,0.0,29996,MacIntel,1440x815,,IMPOSTOR
116.81,29.06,413.72,396.83,1.87,1171.1575,1630.2544,-2.967034,30.25977,0.296908,0.582719,5,0.0,3063.45,29996,MacIntel,1440x815,,IMPOSTOR
87.66363636363637,13.506981359820758,202.64,156.3559885578251,0.0,0.0,0.0,0.0,0.0,0.0,0.0,0,0.0,0.0,0,MacIntel,1440x815,,IMPOSTOR
153.44,72.97,340.39,309.4,2.3,1214.1358,1667.5847,-1.787022,30.451263,0.360472,0.646001,3,400.56,1851.21,30023,MacIntel,894x749,,IMPOSTOR
0.0,0.0,0.0,0.0,0.0,0.0,0.0,0.0,0.0,0.0,0.0,0,0.0,0.0,33942,MacIntel,1440x815,,IMPOSTOR
92.38181818181818,18.0361757688163,179.175,133.08974366351848,0.0,0.0,0.0,0.0,0.0,0.0,0.0,0,0.0,0.0,0,MacIntel,1440x815,,IMPOSTOR
0.0,0.0,0.0,0.0,0.0,1129.8937,1504.9546,-0.810938,25.358542,0.297145,0.482013,2,318.89,1765.3,30005,MacIntel,1440x815,,IMPOSTOR
0.0,0.0,0.0,0.0,0.0,0.0,0.0,0.0,0.0,0.0,0.0,0,0.0,0.0,30000,MacIntel,1440x815,,IMPOSTOR
105.4,23.85594265586669,410.595,401.0956356295249,0.0,0.0,0.0,0.0,0.0,0.0,0.0,0,0.0,0.0,0,MacIntel,1440x815,,IMPOSTOR
0.0,0.0,0.0,0.0,0.0,0.0,0.0,0.0,0.0,0.0,0.0,0,0.0,0.0,60000,MacIntel,1440x815,,GENUINE
0.0,0.0,0.0,0.0,0.0,0.0,0.0,0.0,0.0,0.0,0.0,0,0.0,0.0,59992,MacIntel,1440x815,,IMPOSTOR
0.0,0.0,0.0,0.0,0.0,2484.0078,1880.0085,3.653373,41.170875,0.075593,0.058906,0,0.0,864.14,30194,MacIntel,1440x815,,IMPOSTOR
76.81,17.51,340.28,214.02,0.93,877.1531,1354.5784,-1.602349,21.102794,0.298218,0.432928,5,134.0,2937.18,30002,MacIntel,1440x815,,GENUINE
0.0,0.0,0.0,0.0,0.0,595.6181,841.1739,-1.336964,20.113584,0.363321,0.546791,3,379.0,1997.83,29993,MacIntel,1440x815,,IMPOSTOR
89.03,24.78,251.16,226.19,3.87,0.0,0.0,0.0,0.0,0.0,0.0,0,0.0,0.0,30006,MacIntel,1440x815,,IMPOSTOR
0.0,0.0,0.0,0.0,0.0,412.9236,430.4466,-0.494825,8.497257,0.331786,0.492997,1,490.0,483.16,30002,MacIntel,1440x815,,IMPOSTOR
85.39,21.8,646.95,545.17,1.1,770.7403,1420.2037,-1.095762,19.298111,0.2888,0.461328,5,2601.0,2873.85,30000,MacIntel,1440x815,,GENUINE
0.0,0.0,0.0,0.0,0.0,0.0,0.0,0.0,0.0,0.0,0.0,0,0.0,0.0,29997,MacIntel,1440x815,,IMPOSTOR
0.0,0.0,0.0,0.0,0.0,460.6018,539.7269,-0.932267,13.921013,0.444961,0.519881,1,12.0,535.36,30001,MacIntel,1440x815,,IMPOSTOR
0.0,0.0,0.0,0.0,0.0,0.0,0.0,0.0,0.0,0.0,0.0,0,0.0,0.0,30212,MacIntel,1440x815,,IMPOSTOR
83.24,21.87,285.74,302.23,3.2,894.3577,1024.448,-0.199971,16.223873,0.190175,0.26456,4,0.0,1018.26,30000,MacIntel,1440x815,,IMPOSTOR
90.91818181818182,19.33095021884947,187.165,157.2808225168566,0.0,0.0,0.0,0.0,0.0,0.0,0.0,0,0.0,0.0,0,MacIntel,1440x815,,IMPOSTOR
106.07,32.92,352.95,420.84,2.57,690.2159,831.7262,-0.836943,10.806661,0.203427,0.451724,6,0.0,2177.25,30000,MacIntel,1440x815,,GENUINE
89.42,24.8,317.23,262.85,1.03,801.4758,956.2082,-0.459797,19.00869,0.224663,0.3678,4,0.0,2614.37,30010,MacIntel,1236x749,,IMPOSTOR
148.52,249.19,452.3,405.82,1.97,924.8745,1382.9925,-2.042445,11.777645,0.226512,0.314631,3,0.0,1766.99,30001,MacIntel,1440x815,,IMPOSTOR
0.0,0.0,0.0,0.0,0.0,475.8272,529.8995,-0.853558,10.090158,0.301642,0.516211,24,1586.67,3557.87,29991,MacIntel,1440x815,,IMPOSTOR
0.0,0.0,0.0,0.0,0.0,259.1442,407.667,-1.065983,6.646111,0.469317,0.546449,15,1010.0,2263.39,29998,MacIntel,1440x815,,IMPOSTOR
0.0,0.0,0.0,0.0,0.0,829.9985,1177.9334,-0.242796,18.979914,0.316919,0.470908,1,0.0,2749.95,30003,MacIntel,1440x815,,IMPOSTOR
0.0,0.0,0.0,0.0,0.0,606.2524,1079.689,-0.700891,18.601181,0.285551,0.483598,6,224.0,2579.87,29999,MacIntel,1440x815,,GENUINE
180.9,45.56,511.69,508.5,1.8,0.0,0.0,0.0,0.0,0.0,0.0,0,0.0,0.0,29994,MacIntel,1440x815,,IMPOSTOR
0.0,0.0,0.0,0.0,0.0,0.0,0.0,0.0,0.0,0.0,0.0,0,0.0,0.0,60009,MacIntel,1440x815,,IMPOSTOR
0.0,0.0,0.0,0.0,0.0,0.0,0.0,0.0,0.0,0.0,0.0,0,0.0,0.0,29997,MacIntel,1440x815,,IMPOSTOR
0.0,0.0,0.0,0.0,0.0,478.5154,428.2573,-0.716613,7.831153,0.214794,0.301154,2,151.0,439.48,30000,MacIntel,1440x815,,GENUINE
91.38,22.45,325.83,336.99,2.23,741.2987,909.9741,-1.595876,16.746409,0.243172,0.37738,7,0.0,2878.89,30013,MacIntel,1440x815,,IMPOSTOR
96.99090909090908,33.100436690335506,309.09,214.2851614579335,0.0,0.0,0.0,0.0,0.0,0.0,0.0,0,0.0,0.0,0,MacIntel,1440x815,,IMPOSTOR
122.97,130.15,368.08,369.38,2.43,861.8832,1104.8677,-1.239689,16.844249,0.167719,0.360237,6,0.0,2382.26,30000,MacIntel,1440x815,,GENUINE
117.87,25.76,457.32,425.79,1.43,772.9241,968.4089,-2.315633,16.641052,0.243406,0.409177,2,0.0,2109.16,30003,MacIntel,1440x815,,IMPOSTOR
138.41,97.12,419.58,368.16,1.73,617.6647,1147.0922,-2.863539,18.68551,0.41483,0.626306,3,0.0,1342.01,29998,MacIntel,1440x815,,IMPOSTOR
0.0,0.0,0.0,0.0,0.0,390.9982,422.3223,-0.644719,9.284832,0.36839,0.550818,25,1143.33,3129.27,30002,MacIntel,1440x815,,IMPOSTOR
0.0,0.0,0.0,0.0,0.0,1043.1359,1065.317,-0.372446,18.72365,0.209673,0.254311,1,3023.0,1461.3,29999,MacIntel,1440x815,,GENUINE
90.28181818181818,14.312010213929993,179.115,125.90368614226722,0.0,0.0,0.0,0.0,0.0,0.0,0.0,0,0.0,0.0,0,MacIntel,1440x815,,IMPOSTOR
0.0,0.0,0.0,0.0,0.0,3245.9717,3034.7752,-0.309972,67.915407,0.344901,0.598312,3,0.0,45755.63,16555,MacIntel,1440x815,,GENUINE
0.0,0.0,0.0,0.0,0.0,0.0,0.0,0.0,0.0,0.0,0.0,0,0.0,0.0,30012,MacIntel,1440x815,,IMPOSTOR
85.63636363636364,9.223477947853809,226.215,178.84399045272008,0.0,0.0,0.0,0.0,0.0,0.0,0.0,0,0.0,0.0,0,MacIntel,1440x815,,IMPOSTOR
0.0,0.0,0.0,0.0,0.0,480.6449,528.5825,-0.403376,7.39467,0.236562,0.396118,2,0.0,611.32,30005,MacIntel,1440x815,,IMPOSTOR
150.64,29.69,482.99,487.28,1.27,1039.1827,1320.0328,-0.687922,18.465183,0.262925,0.47192,4,0.0,2054.29,30000,MacIntel,1440x815,,IMPOSTOR
116.51,25.03,320.5,324.65,2.1,737.5567,1307.4448,-2.534516,22.006673,0.416439,0.603518,3,0.0,1977.35,30011,MacIntel,894x749,,IMPOSTOR
95.46363636363638,22.444387838712498,289.01000000000005,305.26187877227466,0.0,0.0,0.0,0.0,0.0,0.0,0.0,0,0.0,0.0,0,MacIntel,1440x815,,IMPOSTOR
99.17272727272729,18.10784862478648,300.105,225.64248730890057,0.0,0.0,0.0,0.0,0.0,0.0,0.0,0,0.0,0.0,0,MacIntel,1440x815,,IMPOSTOR
110.91,30.69,298.68,276.65,2.43,714.4057,950.8769,-2.533179,14.375726,0.264961,0.487819,3,0.0,1522.35,30001,MacIntel,1440x815,,IMPOSTOR
80.9,12.542328332490744,191.765,156.16927818034003,0.0,0.0,0.0,0.0,0.0,0.0,0.0,0,0.0,0.0,0,MacIntel,1440x815,,IMPOSTOR
82.23636363636365,14.38250831581701,158.05499999999998,116.27057588138744,0.0,0.0,0.0,0.0,0.0,0.0,0.0,0,0.0,0.0,0,MacIntel,1440x815,,IMPOSTOR
89.17,28.58,352.43,366.87,1.07,497.6551,813.7239,-0.191607,13.350931,0.280823,0.431568,3,0.0,1203.82,29999,MacIntel,1440x815,,IMPOSTOR
142.81,28.77,417.67,409.04,2.0,484.018,758.4232,-0.641439,9.687928,0.418601,0.440055,2,0.0,882.01,30002,MacIntel,1440x815,,IMPOSTOR
0.0,0.0,0.0,0.0,0.0,391.1732,396.1593,-0.39587,7.180503,0.344059,0.48745,24,1252.22,3304.5,29994,MacIntel,1440x815,,IMPOSTOR
0.0,0.0,0.0,0.0,0.0,414.3524,393.4531,-0.532779,6.851286,0.307378,0.504334,24,1065.56,3658.3,30009,MacIntel,1440x815,,IMPOSTOR
0.0,0.0,0.0,0.0,0.0,0.0,0.0,0.0,0.0,0.0,0.0,0,0.0,0.0,29996,MacIntel,1440x815,,IMPOSTOR
94.51818181818182,17.752172722335608,182.47,155.18114067454405,0.0,0.0,0.0,0.0,0.0,0.0,0.0,0,0.0,0.0,0,MacIntel,1440x815,,IMPOSTOR
0.0,0.0,0.0,0.0,0.0,1049.7934,1386.0806,-0.550008,21.372355,0.269231,0.534516,7,5591.0,5644.84,30000,MacIntel,1440x815,,GENUINE
0.0,0.0,0.0,0.0,0.0,733.7996,1177.2812,-1.031517,20.322164,0.245294,0.453096,5,4933.0,2751.6,30000,MacIntel,894x749,,GENUINE
0.0,0.0,0.0,0.0,0.0,1145.2801,1818.5785,-1.446969,27.320499,0.225612,0.490177,6,4219.0,9566.47,30001,MacIntel,1440x815,,GENUINE
0.0,0.0,0.0,0.0,0.0,365.3604,345.4014,-0.034748,5.893033,0.286608,0.367515,30,400.0,5740.84,30002,MacIntel,1440x815,,IMPOSTOR
95.8181818181818,18.10755743781133,226.78500000000005,205.01481916912095,0.0,0.0,0.0,0.0,0.0,0.0,0.0,0,0.0,0.0,0,MacIntel,1440x815,,IMPOSTOR
0.0,0.0,0.0,0.0,0.0,997.8869,1778.2944,-1.213389,26.952934,0.191274,0.369954,1,268.0,2963.32,29999,MacIntel,1440x815,,GENUINE
0.0,0.0,0.0,0.0,0.0,0.0,0.0,0.0,0.0,0.0,0.0,0,0.0,0.0,30001,MacIntel,1440x815,,GENUINE
162.53,35.73,536.62,517.73,1.5,0.0,0.0,0.0,0.0,0.0,0.0,0,0.0,0.0,30004,MacIntel,1440x815,,IMPOSTOR
166.29,35.7,558.19,530.23,1.0,0.0,0.0,0.0,0.0,0.0,0.0,0,0.0,0.0,30008,MacIntel,1440x815,,IMPOSTOR
93.5818181818182,22.410748233016157,267.5,248.3743736251472,0.0,0.0,0.0,0.0,0.0,0.0,0.0,0,0.0,0.0,0,MacIntel,1440x815,,IMPOSTOR
0.0,0.0,0.0,0.0,0.0,0.0,0.0,0.0,0.0,0.0,0.0,0,0.0,0.0,59996,MacIntel,1440x815,,IMPOSTOR
0.0,0.0,0.0,0.0,0.0,4725.0642,3278.3783,-0.318269,67.962795,0.381599,0.5468,1,808.0,58511.74,30000,MacIntel,1440x815,,GENUINE
0.0,0.0,0.0,0.0,0.0,469.1417,549.8734,-0.501947,10.324465,0.32509,0.473589,21,1236.67,3887.69,29995,MacIntel,1440x815,,IMPOSTOR
0.0,0.0,0.0,0.0,0.0,0.0,0.0,0.0,0.0,0.0,0.0,0,0.0,0.0,59995,MacIntel,1440x815,,IMPOSTOR
0.0,0.0,0.0,0.0,0.0,456.8768,722.5579,-1.392606,7.49829,0.368758,0.534964,8,369.44,2501.16,29995,MacIntel,1440x815,,IMPOSTOR
124.4,269.01,385.93,423.15,1.67,820.9168,1201.6827,0.135726,30.883568,0.199659,0.319473,4,0.0,1977.25,30011,MacIntel,1440x815,,IMPOSTOR
0.0,0.0,0.0,0.0,0.0,0.0,0.0,0.0,0.0,0.0,0.0,0,0.0,0.0,30009,MacIntel,1440x815,,IMPOSTOR
0.0,0.0,0.0,0.0,0.0,0.0,0.0,0.0,0.0,0.0,0.0,0,2323.0,0.0,30000,MacIntel,1440x815,,GENUINE
111.18,81.35,428.31,423.44,2.1,0.0,0.0,0.0,0.0,0.0,0.0,0,0.0,0.0,29999,MacIntel,1440x815,,IMPOSTOR
0.0,0.0,0.0,0.0,0.0,1978.5155,2454.2063,-9.600253,49.004366,0.079315,0.072357,0,0.0,915.78,29995,MacIntel,894x749,,IMPOSTOR
0.0,0.0,0.0,0.0,0.0,0.0,0.0,0.0,0.0,0.0,0.0,0,0.0,0.0,30000,MacIntel,1440x815,,GENUINE
0.0,0.0,0.0,0.0,0.0,450.2113,534.486,-0.546841,8.82787,0.302221,0.549867,15,579.44,3200.93,29997,MacIntel,1440x815,,IMPOSTOR
92.95454545454544,19.199706437149693,196.37,129.8266743332088,0.0,0.0,0.0,0.0,0.0,0.0,0.0,0,0.0,0.0,0,MacIntel,1440x815,,IMPOSTOR
0.0,0.0,0.0,0.0,0.0,0.0,0.0,0.0,0.0,0.0,0.0,0,0.0,0.0,30012,MacIntel,1440x815,,IMPOSTOR
0.0,0.0,0.0,0.0,0.0,0.0,0.0,0.0,0.0,0.0,0.0,0,0.0,0.0,29996,MacIntel,1440x815,,IMPOSTOR
0.0,0.0,0.0,0.0,0.0,0.0,0.0,0.0,0.0,0.0,0.0,0,0.0,0.0,60008,MacIntel,1440x815,,IMPOSTOR
156.12,30.04,422.63,412.36,2.13,0.0,0.0,0.0,0.0,0.0,0.0,0,0.0,0.0,29995,MacIntel,1440x815,,IMPOSTOR
0.0,0.0,0.0,0.0,0.0,582.6187,837.0914,-1.452004,10.844634,0.297687,0.475741,14,1419.44,3498.38,30004,MacIntel,1440x815,,IMPOSTOR
130.11,22.58,720.04,602.16,0.67,0.0,0.0,0.0,0.0,0.0,0.0,0,0.0,0.0,29996,MacIntel,1440x815,,IMPOSTOR
0.0,0.0,0.0,0.0,0.0,831.8853,1101.1457,-0.739325,21.274656,0.174977,0.287187,1,1575.0,2138.45,29999,MacIntel,1440x815,,GENUINE
0.0,0.0,0.0,0.0,0.0,0.0,0.0,0.0,0.0,0.0,0.0,0,0.0,0.0,3008,MacIntel,894x749,,GENUINE
155.62,30.88,407.1,343.5,1.9,850.8365,1265.6737,-1.740446,15.854954,0.445186,0.705752,4,416.11,1445.17,29986,MacIntel,1440x815,,IMPOSTOR
0.0,0.0,0.0,0.0,0.0,1141.0684,1608.4688,-3.500412,23.307549,0.346997,0.582954,1,433.0,2774.56,29863,MacIntel,894x749,,GENUINE
86.26363636363638,15.434265303361398,304.61499999999995,385.17103962156585,0.0,0.0,0.0,0.0,0.0,0.0,0.0,0,0.0,0.0,0,MacIntel,1440x815,,IMPOSTOR
101.73636363636363,19.24210345712093,218.905,165.52749644378534,0.0,0.0,0.0,0.0,0.0,0.0,0.0,0,0.0,0.0,0,MacIntel,1440x815,,IMPOSTOR
0.0,0.0,0.0,0.0,0.0,620.4068,1011.9825,0.491101,13.803275,0.322802,0.510635,0,400.0,1903.73,21728,MacIntel,1440x815,,IMPOSTOR
111.41,140.8,375.83,366.56,1.7,962.7747,1586.3011,-1.738779,15.285953,0.279095,0.433719,4,0.0,3237.84,30006,MacIntel,1440x815,,IMPOSTOR
0.0,0.0,0.0,0.0,0.0,442.7276,418.3005,-0.635516,7.232864,0.27334,0.406764,9,482.22,1564.66,29994,MacIntel,1440x815,,IMPOSTOR
86.33,25.06,276.7,307.93,1.47,233.0044,185.9647,-0.30895,4.39267,0.258927,0.337188,2,0.0,142.85,29998,MacIntel,1440x815,,IMPOSTOR
0.0,0.0,0.0,0.0,0.0,5328.3786,2695.4064,33.94783,26.522333,0.063996,0.025107,0,0.0,882.62,30010,MacIntel,1440x815,,IMPOSTOR
0.0,0.0,0.0,0.0,0.0,599.1303,768.9831,-1.841622,13.806804,0.447377,0.578019,1,0.0,433.01,29993,MacIntel,1440x815,,IMPOSTOR
109.12,126.81,334.94,353.06,2.53,743.9925,1046.4594,-0.485037,17.739278,0.272785,0.34224,4,0.0,1587.9,30000,MacIntel,1440x815,,IMPOSTOR
117.15,15.51,407.83,163.96,0.2,783.3143,1525.6154,-2.677309,23.378354,0.38689,0.462301,1,0.0,485.38,30002,MacIntel,1440x815,,IMPOSTOR
155.22,46.61,432.17,441.53,0.83,226.4532,379.9831,-0.279808,5.755046,0.172442,0.350316,0,373.33,348.66,29994,MacIntel,1440x815,,IMPOSTOR
85.38181818181818,21.364354339966287,218.66000000000005,192.8243880622442,0.0,0.0,0.0,0.0,0.0,0.0,0.0,0,0.0,0.0,0,MacIntel,1440x815,,IMPOSTOR
287.65,412.49,816.51,658.53,0.87,664.2829,955.304,-0.27502,14.581358,0.266283,0.385364,4,0.0,1828.65,29993,MacIntel,1440x815,,IMPOSTOR
111.10909090909092,29.82577591766741,338.875,298.9574901571336,0.0,0.0,0.0,0.0,0.0,0.0,0.0,0,0.0,0.0,0,MacIntel,1440x815,,IMPOSTOR
91.67272727272729,16.54007804752389,196.81,164.36651567057146,0.0,0.0,0.0,0.0,0.0,0.0,0.0,0,0.0,0.0,0,MacIntel,1440x815,,IMPOSTOR
91.8181818181818,11.060001643925572,169.255,141.02244492875667,0.0,0.0,0.0,0.0,0.0,0.0,0.0,0,0.0,0.0,0,MacIntel,1440x815,,IMPOSTOR
118.69,74.38,378.96,416.21,2.33,735.2853,1194.512,-2.430894,19.815663,0.435466,0.489786,2,0.0,1007.26,29996,MacIntel,1440x815,,IMPOSTOR
131.32,28.37,392.16,310.08,2.07,1425.9882,1941.648,-2.62779,27.870216,0.328733,0.77107,2,0.0,761.74,29998,MacIntel,1440x815,,IMPOSTOR
93.01818181818184,16.036135331295892,186.865,155.11637829639227,0.0,0.0,0.0,0.0,0.0,0.0,0.0,0,0.0,0.0,0,MacIntel,1440x815,,IMPOSTOR
0.0,0.0,0.0,0.0,0.0,0.0,0.0,0.0,0.0,0.0,0.0,0,0.0,0.0,29997,MacIntel,1440x815,,IMPOSTOR
0.0,0.0,0.0,0.0,0.0,0.0,0.0,0.0,0.0,0.0,0.0,0,0.0,0.0,60005,MacIntel,1440x815,,IMPOSTOR
150.04,33.43,461.74,489.19,1.57,297.2255,177.4351,-0.028482,3.711308,0.335845,0.296616,2,0.0,246.7,30000,MacIntel,1440x815,,IMPOSTOR
172.63,137.34,491.8,550.08,0.3,931.3582,640.1866,-2.890666,18.800698,0.265087,0.679624,0,0.0,300.71,29998,MacIntel,1440x815,,IMPOSTOR
97.14545454545456,20.165483561589276,218.66,146.96902788647253,0.0,0.0,0.0,0.0,0.0,0.0,0.0,0,0.0,0.0,0,MacIntel,1440x815,,IMPOSTOR
95.38,33.09,379.66,326.46,2.67,0.0,0.0,0.0,0.0,0.0,0.0,0,0.0,0.0,30000,MacIntel,1440x815,,GENUINE
143.54,33.84,386.51,375.15,2.23,0.0,0.0,0.0,0.0,0.0,0.0,0,0.0,0.0,29999,MacIntel,1440x815,,IMPOSTOR
89.25,24.57,410.5,422.25,1.17,1416.5329,1927.0723,-2.032776,30.541979,0.311048,0.378976,1,0.0,1014.81,29990,MacIntel,1440x815,,IMPOSTOR
165.78,199.81,556.15,684.2,0.37,411.9958,934.8067,-0.208631,15.818277,0.340974,0.416966,3,0.0,4354.33,29999,MacIntel,1440x815,,IMPOSTOR
140.95,31.79,501.6,450.39,0.77,700.1195,973.9141,-0.572536,17.028593,0.355295,0.547105,4,1621.67,3087.49,29992,MacIntel,1440x815,,IMPOSTOR
88.87272727272727,16.575891584412037,185.37499999999997,152.71003784262103,0.0,0.0,0.0,0.0,0.0,0.0,0.0,0,0.0,0.0,0,MacIntel,1440x815,,IMPOSTOR
0.0,0.0,0.0,0.0,0.0,1893.4921,1795.2836,-0.72358,31.611295,0.256878,0.356025,5,8193.0,10532.24,30413,MacIntel,1440x815,,GENUINE
87.74,31.25,390.46,412.28,2.13,785.5338,1366.8107,-1.500261,20.27083,0.209187,0.392348,7,0.0,2669.99,30000,MacIntel,1440x815,,GENUINE
0.0,0.0,0.0,0.0,0.0,505.3719,615.3672,-0.733083,9.817543,0.321568,0.51811,17,762.22,3096.74,30001,MacIntel,1440x815,,IMPOSTOR
92.91,23.95,307.36,319.93,2.7,521.7419,636.2985,-0.247473,14.024188,0.233475,0.271697,3,0.0,1245.37,30007,MacIntel,1440x815,,IMPOSTOR
0.0,0.0,0.0,0.0,0.0,837.8877,1302.0401,-0.583008,17.703333,0.242597,0.459038,2,272.0,3254.04,19223,MacIntel,1440x815,,GENUINE
0.0,0.0,0.0,0.0,0.0,259.8629,391.5769,-0.64634,7.425973,0.4035,0.533908,13,592.0,2427.24,30005,MacIntel,1440x815,,IMPOSTOR
87.29,28.58,449.8,484.26,2.03,0.0,0.0,0.0,0.0,0.0,0.0,0,0.0,0.0,29999,MacIntel,1440x815,,GENUINE
151.44,32.4,373.78,305.32,2.0,875.1078,1437.0364,-0.375845,20.377787,0.295054,0.45635,4,0.0,1876.06,30008,MacIntel,1440x815,,IMPOSTOR
0.0,0.0,0.0,0.0,0.0,0.0,0.0,0.0,0.0,0.0,0.0,0,0.0,0.0,60009,MacIntel,1440x815,,IMPOSTOR
0.0,0.0,0.0,0.0,0.0,1273.5996,1489.8296,-0.715971,21.96152,0.212549,0.352623,12,382.0,13458.67,29999,MacIntel,1440x815,,GENUINE
0.0,0.0,0.0,0.0,0.0,387.0405,445.2342,-0.395043,7.615139,0.303192,0.469884,17,855.56,2928.42,29987,MacIntel,1440x815,,IMPOSTOR
91.34545454545456,15.867032717957294,226.97000000000003,196.22124221076788,0.0,0.0,0.0,0.0,0.0,0.0,0.0,0,0.0,0.0,0,MacIntel,1440x815,,IMPOSTOR
104.71,46.2,376.83,376.66,2.67,0.0,0.0,0.0,0.0,0.0,0.0,0,0.0,0.0,29999,MacIntel,1440x815,,GENUINE
122.41,62.13,324.54,297.62,2.1,843.9959,1134.2346,-2.469568,17.65236,0.397776,0.606028,6,0.0,2665.65,30002,MacIntel,1236x749,,IMPOSTOR
154.9,17.8,1285.1,714.9,0.07,174.498,324.3136,-0.297543,3.977385,0.225337,0.47032,1,65.0,1477.69,29995,MacIntel,1440x815,,IMPOSTOR
0.0,0.0,0.0,0.0,0.0,1174.7611,1344.4347,-0.943688,24.244446,0.205744,0.316104,9,5042.0,14291.7,30003,MacIntel,1440x815,,GENUINE
0.0,0.0,0.0,0.0,0.0,0.0,0.0,0.0,0.0,0.0,0.0,0,0.0,0.0,30012,MacIntel,1440x815,,IMPOSTOR
150.85,33.37,453.55,458.25,1.47,678.8694,822.7691,-0.782478,12.21182,0.308202,0.518241,4,0.0,2729.12,30003,MacIntel,1440x815,,IMPOSTOR
0.0,0.0,0.0,0.0,0.0,0.0,0.0,0.0,0.0,0.0,0.0,0,0.0,0.0,29999,MacIntel,1440x815,,GENUINE
0.0,0.0,0.0,0.0,0.0,115.9485,212.1724,-0.137286,4.949976,0.423231,0.642019,0,0.0,181.2,29995,MacIntel,1440x815,,IMPOSTOR
116.74,20.56,272.47,279.07,3.17,778.6044,1300.0875,-2.156806,19.227532,0.358114,0.459765,3,0.0,1181.7,30003,MacIntel,1440x815,,IMPOSTOR
0.0,0.0,0.0,0.0,0.0,2264.081,1925.6493,-5.102841,44.010828,0.224127,0.16711,0,0.0,1036.27,30915,MacIntel,1440x815,,IMPOSTOR
119.55,183.81,340.21,377.29,2.33,694.0562,990.1241,-0.002933,17.335258,0.24002,0.367453,5,0.0,1841.13,29990,MacIntel,1440x815,,IMPOSTOR
0.0,0.0,0.0,0.0,0.0,1145.7443,1521.9232,-0.449758,23.897955,0.27792,0.494261,2,2253.0,3361.97,29999,MacIntel,1440x815,,GENUINE
85.12727272727273,13.608386451676845,192.435,141.11620174429595,0.0,0.0,0.0,0.0,0.0,0.0,0.0,0,0.0,0.0,0,MacIntel,894x749,,IMPOSTOR
145.27,11.22,1065.07,669.08,0.1,0.0,0.0,0.0,0.0,0.0,0.0,0,0.0,0.0,30013,MacIntel,1440x815,,IMPOSTOR
141.55,25.51,448.77,476.15,2.07,679.7363,1086.6009,-1.478364,17.232633,0.253061,0.480947,2,0.0,1167.54,30005,MacIntel,1440x815,,IMPOSTOR
91.22727272727272,15.360279353520292,154.87,128.22235661865722,0.0,0.0,0.0,0.0,0.0,0.0,0.0,0,0.0,0.0,0,MacIntel,1440x815,,IMPOSTOR
82.05454545454546,9.920218106106704,209.995,181.5040683174608,0.0,0.0,0.0,0.0,0.0,0.0,0.0,0,0.0,0.0,0,MacIntel,1440x815,,IMPOSTOR
0.0,0.0,0.0,0.0,0.0,0.0,0.0,0.0,0.0,0.0,0.0,0,0.0,0.0,29996,MacIntel,1236x749,,IMPOSTOR
0.0,0.0,0.0,0.0,0.0,0.0,0.0,0.0,0.0,0.0,0.0,0,0.0,0.0,29998,MacIntel,1440x815,,IMPOSTOR
0.0,0.0,0.0,0.0,0.0,1003.6262,1425.9252,-1.132341,21.606851,0.324391,0.483371,5,0.0,1729.85,29998,MacIntel,1440x815,,IMPOSTOR
100.94545454545457,32.69649411286671,321.025,346.0439428667071,0.0,0.0,0.0,0.0,0.0,0.0,0.0,0,0.0,0.0,0,MacIntel,1440x815,,IMPOSTOR
0.0,0.0,0.0,0.0,0.0,0.0,0.0,0.0,0.0,0.0,0.0,0,0.0,0.0,29996,MacIntel,1440x815,,IMPOSTOR
89.82727272727273,20.89828179105119,243.27999999999997,197.16173857494445,0.0,0.0,0.0,0.0,0.0,0.0,0.0,0,0.0,0.0,0,MacIntel,1440x815,,IMPOSTOR
0.0,0.0,0.0,0.0,0.0,587.4764,911.8822,-0.284704,12.823051,0.206231,0.340155,5,5021.0,4035.4,30001,MacIntel,1440x815,,GENUINE
85.9,26.946502555990453,248.275,200.3318795740813,0.0,0.0,0.0,0.0,0.0,0.0,0.0,0,0.0,0.0,0,MacIntel,1440x815,,IMPOSTOR
91.42727272727274,27.0805498802772,321.06000000000006,244.10340216262537,0.0,0.0,0.0,0.0,0.0,0.0,0.0,0,0.0,0.0,0,MacIntel,1440x815,,IMPOSTOR
92.82727272727274,17.286531804216303,288.29,349.67114610881555,0.0,0.0,0.0,0.0,0.0,0.0,0.0,0,0.0,0.0,0,MacIntel,1440x815,,IMPOSTOR
90.05,25.37,344.71,352.44,2.23,845.4704,989.3941,-0.61198,16.603524,0.22674,0.308151,5,0.0,2634.39,30005,MacIntel,1440x815,,IMPOSTOR
158.08,33.22,486.45,374.87,1.87,745.2605,856.0546,-0.174994,12.40522,0.171731,0.371641,3,0.0,1080.29,29998,MacIntel,1440x815,,IMPOSTOR
147.92,247.2,502.8,454.2,1.37,887.8599,1188.542,-1.46237,16.701563,0.226545,0.288023,3,0.0,3231.09,29999,MacIntel,1440x815,,IMPOSTOR
0.0,0.0,0.0,0.0,0.0,0.0,0.0,0.0,0.0,0.0,0.0,0,0.0,0.0,61685,MacIntel,1440x815,,IMPOSTOR
395.67,277.3,1729.33,382.78,0.1,1019.297,1232.7057,-0.489747,19.874331,0.302426,0.490643,2,132.22,3994.08,29989,MacIntel,1440x815,,IMPOSTOR
213.66,61.7,1644.38,615.96,0.17,558.793,789.0874,-0.824567,12.266543,0.332542,0.507521,5,315.0,1563.84,29990,MacIntel,1440x815,,IMPOSTOR
90.54,34.83,342.39,368.42,2.53,1013.7319,1563.3359,-1.489463,26.351597,0.21007,0.363898,7,0.0,3917.23,29999,MacIntel,1440x815,,GENUINE
0.0,0.0,0.0,0.0,0.0,0.0,0.0,0.0,0.0,0.0,0.0,0,0.0,0.0,29995,MacIntel,1440x815,,IMPOSTOR
0.0,0.0,0.0,0.0,0.0,887.6324,1328.8987,-0.441042,21.549576,0.207265,0.39057,7,3447.0,6540.07,30000,MacIntel,1440x815,,GENUINE
97.51,32.14,333.46,296.78,2.77,783.2187,1288.8972,-1.250945,23.195611,0.187112,0.262553,4,0.0,1239.61,30001,MacIntel,1440x815,,GENUINE
0.0,0.0,0.0,0.0,0.0,248.39,387.238,-0.921992,6.778238,0.412837,0.575114,10,415.0,1357.7,30008,MacIntel,1440x815,,IMPOSTOR
0.0,0.0,0.0,0.0,0.0,485.9544,616.226,-0.507303,9.900116,0.333164,0.581142,15,742.78,3002.09,29999,MacIntel,894x749,,IMPOSTOR
142.56,29.98,361.42,357.59,2.33,793.9449,1098.3877,-0.496031,13.396154,0.362165,0.68274,2,0.0,1185.67,30014,MacIntel,1440x815,,IMPOSTOR
152.45,36.34,384.8,337.02,2.43,1492.2954,1690.6148,-1.284359,25.469676,0.237206,0.440084,1,0.0,529.32,29981,MacIntel,1440x815,,IMPOSTOR
0.0,0.0,0.0,0.0,0.0,1102.1048,1588.9812,-0.393354,23.400424,0.172945,0.306307,4,9426.0,4060.48,30001,MacIntel,1440x815,,GENUINE
157.52,32.39,472.45,426.61,0.77,888.9819,1238.2395,-2.702229,32.032037,0.28466,0.464406,6,2453.89,3832.24,30003,MacIntel,1440x815,,IMPOSTOR
91.37272727272726,24.04225825121637,292.18999999999994,277.8298606587928,0.0,0.0,0.0,0.0,0.0,0.0,0.0,0,0.0,0.0,0,MacIntel,1440x815,,IMPOSTOR
128.74,79.66,442.06,394.28,1.83,438.6894,614.6294,-0.539602,11.128334,0.306472,0.599489,0,186.0,1576.3,29996,MacIntel,1440x815,,IMPOSTOR
93.93,28.16,249.03,164.1,3.17,527.6119,500.8234,-0.18289,7.242678,0.184939,0.293659,1,0.0,1341.79,29996,MacIntel,1440x815,,IMPOSTOR
94.76363636363637,18.16090706585289,306.42,356.12631939863843,0.0,0.0,0.0,0.0,0.0,0.0,0.0,0,0.0,0.0,0,MacIntel,1440x815,,IMPOSTOR
94.89090909090908,18.336000356972868,243.825,209.5514379134129,0.0,0.0,0.0,0.0,0.0,0.0,0.0,0,0.0,0.0,0,MacIntel,1440x815,,IMPOSTOR
100.10000000000002,20.830650493923613,328.2200000000001,371.2920011328862,0.0,0.0,0.0,0.0,0.0,0.0,0.0,0,0.0,0.0,0,MacIntel,894x749,,IMPOSTOR
88.41818181818181,15.47008844071799,166.76,125.28283958602168,0.0,0.0,0.0,0.0,0.0,0.0,0.0,0,0.0,0.0,0,MacIntel,1440x815,,IMPOSTOR
0.0,0.0,0.0,0.0,0.0,0.0,0.0,0.0,0.0,0.0,0.0,0,0.0,0.0,30007,MacIntel,1440x815,,IMPOSTOR
0.0,0.0,0.0,0.0,0.0,920.7331,1262.8803,-1.593213,18.7361,0.165483,0.4483,3,497.78,1482.48,30014,MacIntel,1440x815,,IMPOSTOR
142.4,0.0,2000.0,0.0,0.03,286.9978,466.9155,-0.312572,6.030464,0.307722,0.516211,1,0.0,1574.07,30013,MacIntel,1440x815,,IMPOSTOR
152.56,29.9,411.29,388.99,1.8,692.2036,1107.4157,-0.669046,19.134195,0.26288,0.392019,2,132.22,1738.07,30002,MacIntel,1440x815,,IMPOSTOR
88.98,21.26,339.8,297.3,1.97,754.3048,1066.6292,-0.817822,15.304862,0.330251,0.496001,7,0.0,2487.61,29995,MacIntel,1440x815,,IMPOSTOR
91.05,23.32,313.67,309.03,2.7,0.0,0.0,0.0,0.0,0.0,0.0,1,0.0,0.0,29990,MacIntel,1440x815,,IMPOSTOR
104.16,117.39,294.85,333.11,2.93,859.2351,1408.1052,-2.922117,17.372962,0.235098,0.295627,2,0.0,1270.83,29996,MacIntel,1440x815,,IMPOSTOR
87.5909090909091,14.758418244883464,172.12500000000003,121.02876071848638,0.0,0.0,0.0,0.0,0.0,0.0,0.0,0,0.0,0.0,0,MacIntel,1440x815,,IMPOSTOR
98.13,32.09,396.94,364.82,2.33,1046.3133,1276.7284,-1.40194,18.671704,0.251948,0.493761,4,0.0,2170.09,30000,MacIntel,1440x815,,GENUINE
85.04545454545455,14.12914460513188,209.855,200.58711317949664,0.0,0.0,0.0,0.0,0.0,0.0,0.0,0,0.0,0.0,0,MacIntel,1440x815,,IMPOSTOR
0.0,0.0,0.0,0.0,0.0,333.6939,368.3502,-0.138112,6.415676,0.278294,0.379298,29,400.0,5307.01,29992,MacIntel,1440x815,,IMPOSTOR
0.0,0.0,0.0,0.0,0.0,0.0,0.0,0.0,0.0,0.0,0.0,0,0.0,0.0,29996,MacIntel,1440x815,,IMPOSTOR
87.51818181818182,25.053335833050987,282.87500000000006,196.44303011037923,0.0,0.0,0.0,0.0,0.0,0.0,0.0,0,0.0,0.0,0,MacIntel,1440x815,,IMPOSTOR
92.5818181818182,25.76380477265803,347.06000000000006,308.8301975962979,0.0,0.0,0.0,0.0,0.0,0.0,0.0,0,0.0,0.0,0,MacIntel,1440x815,,IMPOSTOR
0.0,0.0,0.0,0.0,0.0,267.5915,382.1751,-0.856473,7.14922,0.399988,0.506689,15,827.0,2618.97,30001,MacIntel,1440x815,,IMPOSTOR
0.0,0.0,0.0,0.0,0.0,0.0,0.0,0.0,0.0,0.0,0.0,0,0.0,0.0,30003,MacIntel,1440x815,,IMPOSTOR
0.0,0.0,0.0,0.0,0.0,897.2361,1035.7939,0.084605,18.680851,0.311334,0.415318,3,0.0,7013.58,30001,MacIntel,1440x815,,IMPOSTOR
90.7,30.48,376.89,406.24,1.87,276.429,281.1026,-0.358102,6.19484,0.236508,0.356685,0,0.0,379.62,30000,MacIntel,1440x815,,GENUINE
0.0,0.0,0.0,0.0,0.0,1388.4109,2105.2525,1.515869,33.230348,0.308439,0.569341,2,62.0,7767.03,30001,MacIntel,1440x815,,GENUINE
83.93,24.74,295.99,239.05,1.93,743.3065,800.8227,-0.12466,16.249076,0.237081,0.269856,1,0.0,1152.39,30001,MacIntel,1440x815,,IMPOSTOR
0.0,0.0,0.0,0.0,0.0,0.0,0.0,0.0,0.0,0.0,0.0,0,0.0,0.0,29996,MacIntel,1440x815,,IMPOSTOR
0.0,0.0,0.0,0.0,0.0,855.897,1364.8796,-0.870709,20.547064,0.194326,0.354482,3,4027.0,6952.62,30001,MacIntel,1440x815,,GENUINE
0.0,0.0,0.0,0.0,0.0,799.143,1227.3924,-3.1816,20.627985,0.321054,0.467616,2,1081.0,1601.11,29997,MacIntel,1440x815,,IMPOSTOR
58.8,10.0,1126.7,873.3,0.1,978.4647,1789.9821,1.814916,23.632634,0.202324,0.26459,4,0.0,1863.32,20320,MacIntel,894x749,,GENUINE
155.28,45.35,544.65,509.56,1.43,312.3117,279.1501,-0.742655,4.64945,0.362768,0.703008,1,0.0,104.5,30003,MacIntel,1440x815,,IMPOSTOR
108.33,19.67,345.14,368.29,2.3,747.8725,1162.0468,-2.426463,16.212445,0.370323,0.534861,5,0.0,2211.55,30005,MacIntel,1440x815,,IMPOSTOR
131.89,30.26,508.17,426.46,1.6,0.0,0.0,0.0,0.0,0.0,0.0,0,0.0,0.0,30005,MacIntel,1440x815,,IMPOSTOR
149.9,80.95,423.56,332.75,1.9,708.2688,837.0497,-0.485643,19.288559,0.273997,0.526782,3,0.0,1472.5,29997,MacIntel,1440x815,,IMPOSTOR
165.77,81.23,510.7,434.08,1.6,0.0,0.0,0.0,0.0,0.0,0.0,1,0.0,0.0,30002,MacIntel,1440x815,,IMPOSTOR
90.45,28.89,341.39,373.91,2.57,780.3775,1101.3095,-1.395766,17.713528,0.175169,0.271461,6,0.0,2686.01,30000,MacIntel,1440x815,,GENUINE
0.0,0.0,0.0,0.0,0.0,0.0,0.0,0.0,0.0,0.0,0.0,0,0.0,0.0,30000,MacIntel,1440x815,,IMPOSTOR
87.51818181818183,15.848584680142146,183.435,139.8446291048522,0.0,0.0,0.0,0.0,0.0,0.0,0.0,0,0.0,0.0,0,MacIntel,1440x815,,IMPOSTOR
117.27,101.45,352.45,339.29,2.4,728.4245,1228.3084,-3.020964,21.69406,0.421552,0.509918,2,0.0,1538.28,30003,MacIntel,1440x815,,IMPOSTOR
0.0,0.0,0.0,0.0,0.0,0.0,0.0,0.0,0.0,0.0,0.0,0,0.0,0.0,60003,MacIntel,1440x815,,IMPOSTOR
95.73,24.7,473.43,524.92,1.3,990.077,1473.7522,-0.279527,24.892997,0.219676,0.387333,6,0.0,3740.09,29995,MacIntel,1440x815,,IMPOSTOR
87.77272727272728,16.167627587812063,175.235,124.77281365071394,0.0,0.0,0.0,0.0,0.0,0.0,0.0,0,0.0,0.0,0,MacIntel,1440x815,,IMPOSTOR
91.73636363636363,16.809061409089608,239.2,212.67035277012263,0.0,0.0,0.0,0.0,0.0,0.0,0.0,0,0.0,0.0,0,MacIntel,1440x815,,IMPOSTOR
0.0,0.0,0.0,0.0,0.0,806.3102,1468.5049,-0.183695,21.531033,0.285471,0.40468,0,0.0,2760.19,30001,MacIntel,1440x815,,IMPOSTOR
92.1,20.74589115945613,267.67500000000007,285.0271489839077,0.0,0.0,0.0,0.0,0.0,0.0,0.0,0,0.0,0.0,0,MacIntel,1440x815,,IMPOSTOR
114.91,19.39,378.45,395.2,1.5,933.2683,1210.406,-2.986355,21.518952,0.267715,0.477625,3,231.0,2717.17,30014,MacIntel,1440x815,,IMPOSTOR
139.87,35.85,399.95,390.77,1.8,923.9319,1353.7653,-1.035827,17.397089,0.28039,0.540465,5,116.67,1598.26,29993,MacIntel,1440x815,,IMPOSTOR
0.0,0.0,0.0,0.0,0.0,0.0,0.0,0.0,0.0,0.0,0.0,0,0.0,0.0,30000,MacIntel,1440x815,,GENUINE
0.0,0.0,0.0,0.0,0.0,591.6778,993.767,-0.854262,12.643732,0.21118,0.306145,8,0.0,3468.65,30000,MacIntel,1440x815,,GENUINE
116.9,23.62,413.85,421.85,2.03,764.5726,1316.9914,-2.633297,31.415399,0.516099,0.626858,1,0.0,537.72,30002,MacIntel,1440x815,,IMPOSTOR
85.69,26.64,572.85,516.97,1.37,0.0,0.0,0.0,0.0,0.0,0.0,0,0.0,0.0,30000,MacIntel,1440x815,,GENUINE
101.21,94.47,345.59,351.55,1.63,888.0094,1049.2625,-0.550446,19.856585,0.376714,0.710128,2,0.0,821.2,30002,MacIntel,1440x815,,IMPOSTOR
0.0,0.0,0.0,0.0,0.0,391.8614,400.8629,-0.238911,7.337155,0.297947,0.409035,29,1000.0,6133.62,29999,MacIntel,1440x815,,IMPOSTOR
0.0,0.0,0.0,0.0,0.0,0.0,0.0,0.0,0.0,0.0,0.0,0,0.0,0.0,30000,MacIntel,1440x815,,GENUINE
91.45454545454544,20.9679929242817,224.24,183.3321845578044,0.0,0.0,0.0,0.0,0.0,0.0,0.0,0,0.0,0.0,0,MacIntel,1440x815,,IMPOSTOR
127.37,94.82,398.24,396.7,2.17,892.8348,1252.5011,-3.569755,20.451883,0.31699,0.48498,5,0.0,2082.67,29997,MacIntel,1440x815,,IMPOSTOR
0.0,0.0,0.0,0.0,0.0,387.2844,652.1399,-1.545984,11.99927,0.424045,0.555483,10,1144.0,3115.56,30010,MacIntel,1440x815,,IMPOSTOR
0.0,0.0,0.0,0.0,0.0,0.0,0.0,0.0,0.0,0.0,0.0,0,0.0,0.0,30012,MacIntel,1440x815,,IMPOSTOR
0.0,0.0,0.0,0.0,0.0,1229.8155,1241.261,-0.508742,21.530051,0.318156,0.571956,1,3126.0,3264.65,29999,MacIntel,1440x815,,GENUINE
0.0,0.0,0.0,0.0,0.0,97.3738,95.3468,-0.286434,1.812196,0.268158,0.388945,0,1599.0,77.37,30001,MacIntel,1440x815,,GENUINE
86.61818181818181,19.26524425912208,250.995,213.0393575572858,0.0,0.0,0.0,0.0,0.0,0.0,0.0,0,0.0,0.0,0,MacIntel,1440x815,,IMPOSTOR
147.21,23.84,451.67,435.59,1.7,868.7645,1392.3883,-2.422223,20.249815,0.216298,0.387928,3,0.0,1453.12,30002,MacIntel,1440x815,,IMPOSTOR
85.86363636363636,15.275422922280926,164.25,110.53087446739175,0.0,0.0,0.0,0.0,0.0,0.0,0.0,0,0.0,0.0,0,MacIntel,1440x815,,IMPOSTOR
90.36363636363636,15.993765830927542,186.9650000000001,184.4310690660392,0.0,0.0,0.0,0.0,0.0,0.0,0.0,0,0.0,0.0,0,MacIntel,1440x815,,IMPOSTOR
