user,model,category,status,val_accuracy,val_f1,val_roc_auc,val_far,val_frr,val_eer,test_accuracy,test_f1,test_roc_auc,test_far,test_frr,test_eer,latency_ms,selection_score
amal,TabPFN-3.5 Fast,Foundation,Not Evaluated,,,,,,,,,,,,,0.0,0.0
amal,TabPFN-3.5,Foundation,Not Evaluated,,,,,,,,,,,,,0.0,0.0
amal,TabFM,Foundation,Evaluated,0.20125786163522014,0.33507853403141363,0.5,1.0,0.0,0.5,0.20625,0.34196891191709844,0.5,1.0,0.0,0.5,12.426895165593368,0.013958312753136408
amal,LightGBM,Gradient Boosted Tree,Trained,0.8805031446540881,0.7466666666666667,0.9541092519685038,0.11811023622047244,0.125,0.12155511811023623,0.86875,0.7272727272727273,0.9551419708900023,0.12598425196850394,0.15151515151515152,0.1387497017418277,0.03522147172651951,0.5150696482072996
amal,CatBoost,Gradient Boosted Tree,Trained,0.8616352201257862,0.717948717948718,0.9485728346456693,0.14173228346456693,0.125,0.12549212598425197,0.85625,0.7294117647058823,0.9391553328561203,0.16535433070866143,0.06060606060606061,0.11966117871629683,0.11893788223746438,0.4987546081753388
amal,XGBoost,Gradient Boosted Tree,Trained,0.8553459119496856,0.676056338028169,0.9443897637795275,0.11811023622047244,0.25,0.12549212598425197,0.90625,0.7945205479452054,0.9401097590073968,0.08661417322834646,0.12121212121212122,0.13934621808637557,0.025804687595967227,0.4785167587010699
amal,Random Forest,Ensemble Trees,Trained,0.8616352201257862,0.65625,0.9458661417322836,0.08661417322834646,0.34375,0.12549212598425197,0.8875,0.7428571428571429,0.9356955380577427,0.08661417322834646,0.21212121212121213,0.12753519446432832,0.2794070813640858,0.4718018775070569
amal,ExtraTrees,Ensemble Trees,Trained,0.8301886792452831,0.6896551724137931,0.9498031496062993,0.1968503937007874,0.0625,0.1686761811023622,0.8125,0.6739130434782609,0.9294917680744451,0.2204724409448819,0.06060606060606061,0.1387497017418277,0.17374566516036508,0.48033899459654006
amal,MLP,Neural Network,Trained,0.9308176100628931,0.819672131147541,0.9640748031496064,0.031496062992125984,0.21875,0.11761811023622047,0.8625,0.6071428571428571,0.9407062753519447,0.047244094488188976,0.48484848484848486,0.11572417084228108,0.006290351819692168,0.5515042569734846
amal,OC-SVM,Anomaly Detection,Trained,0.7169811320754716,0.5054945054945055,0.7955216535433071,0.28346456692913385,0.28125,0.2823572834645669,0.61875,0.39603960396039606,0.7512526843235504,0.3779527559055118,0.3939393939393939,0.3898830827964686,0.006354829800203911,0.3338654320117187
amal,Isolation Forest,Anomaly Detection,Trained,0.5471698113207547,0.32075471698113206,0.5802165354330708,0.44881889763779526,0.46875,0.4587844488188976,0.58125,0.4462809917355372,0.7839417800047721,0.48031496062992124,0.18181818181818182,0.23538534955857793,0.03771062167185658,0.14774028283315999
amal,Local Outlier Factor,Anomaly Detection,Trained,0.6729559748427673,0.4583333333333333,0.7246555118110236,0.33070866141732286,0.3125,0.2753444881889764,0.6125,0.46551724137931033,0.7125984251968505,0.4409448818897638,0.18181818181818182,0.2874015748031496,0.006296349771367679,0.28553165081959087
amal,Weighted Fusion,Ensemble Fusion,Trained,0.9433962264150944,0.8524590163934426,0.9707185039370079,0.023622047244094488,0.1875,0.07455708661417323,0.86875,0.631578947368421,0.9414220949654021,0.047244094488188976,0.45454545454545453,0.1657122405153901,0.012645181619896079,0.5701015502653491
vyas,TabPFN-3.5 Fast,Foundation,Not Evaluated,,,,,,,,,,,,,0.0,0.0
vyas,TabPFN-3.5,Foundation,Not Evaluated,,,,,,,,,,,,,0.0,0.0
vyas,TabFM,Foundation,Evaluated,0.1935483870967742,0.32432432432432434,0.5,1.0,0.0,0.5,0.20212765957446807,0.336283185840708,0.5,1.0,0.0,0.5,18.36855693530011,0.010113339145597193
vyas,LightGBM,Gradient Boosted Tree,Trained,0.8494623655913979,0.7083333333333334,0.9807407407407407,0.17333333333333334,0.05555555555555555,0.08222222222222225,0.8723404255319149,0.7272727272727273,0.9645614035087718,0.12,0.15789473684210525,0.11263157894736842,0.021485872166131133,0.505354540023895
vyas,CatBoost,Gradient Boosted Tree,Trained,0.9354838709677419,0.8421052631578947,0.9874074074074074,0.05333333333333334,0.1111111111111111,0.05444444444444446,0.925531914893617,0.8205128205128205,0.9785964912280701,0.05333333333333334,0.15789473684210525,0.05298245614035091,0.023488075502457156,0.5732007482864869
vyas,XGBoost,Gradient Boosted Tree,Trained,0.8494623655913979,0.7083333333333334,0.9792592592592593,0.17333333333333334,0.05555555555555555,0.08222222222222225,0.8829787234042553,0.7659574468085106,0.9701754385964912,0.13333333333333333,0.05263157894736842,0.11263157894736842,0.021557654103925152,0.5049841696535247
vyas,Random Forest,Ensemble Trees,Trained,0.8279569892473119,0.6,0.9429629629629629,0.13333333333333333,0.3333333333333333,0.09444444444444446,0.8191489361702128,0.5641025641025641,0.9343859649122808,0.12,0.42105263157894735,0.18526315789473685,0.435008797594296,0.4452120669056152
vyas,ExtraTrees,Ensemble Trees,Trained,0.8387096774193549,0.6666666666666666,0.9540740740740741,0.16,0.16666666666666666,0.17666666666666664,0.8404255319148937,0.6511627906976745,0.9329824561403508,0.13333333333333333,0.2631578947368421,0.1392982456140351,0.29658245783980175,0.4734916367980885
vyas,MLP,Neural Network,Trained,0.946236559139785,0.8387096774193549,0.9614814814814815,0.0,0.2777777777777778,0.1488888888888889,0.8936170212765957,0.7058823529411765,0.9322807017543859,0.04,0.3684210526315789,0.152280701754386,0.0,0.5567610513739546
vyas,OC-SVM,Anomaly Detection,Trained,0.5376344086021505,0.31746031746031744,0.6533333333333333,0.4666666666666667,0.4444444444444444,0.45555555555555555,0.5531914893617021,0.4166666666666667,0.7238596491228071,0.5066666666666667,0.21052631578947367,0.3112280701754386,0.0,0.1627880184331797
vyas,Isolation Forest,Anomaly Detection,Trained,0.7634408602150538,0.56,0.7711111111111111,0.24,0.2222222222222222,0.2311111111111111,0.7553191489361702,0.5106382978723404,0.7575438596491229,0.21333333333333335,0.3684210526315789,0.3045614035087719,0.10733450612714214,0.3655161290322581
vyas,Local Outlier Factor,Anomaly Detection,Trained,0.3548387096774194,0.23076923076923078,0.48740740740740734,0.68,0.5,0.5900000000000001,0.4148936170212766,0.367816091954023,0.6259649122807017,0.6933333333333334,0.15789473684210525,0.3312280701754386,0.021578163229009156,0.017269965995772414
vyas,Weighted Fusion,Ensemble Fusion,Trained,0.946236559139785,0.8717948717948718,0.9814814814814815,0.05333333333333334,0.05555555555555555,0.041111111111111126,0.9042553191489362,0.7692307692307693,0.9680701754385965,0.06666666666666667,0.21052631578947367,0.06631578947368424,0.023488075502457156,0.5869767944122782
dristi,TabPFN-3.5 Fast,Foundation,Not Evaluated,,,,,,,,,,,,,0.0,0.0
dristi,TabPFN-3.5,Foundation,Not Evaluated,,,,,,,,,,,,,0.0,0.0
dristi,TabFM,Foundation,Evaluated,0.21782178217821782,0.35772357723577236,0.5,1.0,0.0,0.5,0.2079207920792079,0.3442622950819672,0.5,1.0,0.0,0.5,13.277001900248008,0.02210416163567574
dristi,LightGBM,Gradient Boosted Tree,Trained,0.8910891089108911,0.7659574468085106,0.9542577675489068,0.08860759493670886,0.18181818181818182,0.0897583429228999,0.8811881188118812,0.75,0.9630952380952381,0.1125,0.14285714285714285,0.14017857142857146,0.02978579832775758,0.523325915610683
dristi,CatBoost,Gradient Boosted Tree,Trained,0.8514851485148515,0.6938775510204082,0.9329689298043728,0.12658227848101267,0.22727272727272727,0.1441311852704258,0.8910891089108911,0.7659574468085106,0.9678571428571429,0.1,0.14285714285714285,0.09761904761904762,0.04446624529243696,0.47918410479642637
dristi,XGBoost,Gradient Boosted Tree,Trained,0.8415841584158416,0.68,0.92692750287687,0.13924050632911392,0.22727272727272727,0.1504602991944764,0.8910891089108911,0.7555555555555555,0.9488095238095238,0.0875,0.19047619047619047,0.10386904761904761,0.01981942960531405,0.46987111052877445
dristi,Random Forest,Ensemble Trees,Trained,0.8712871287128713,0.6976744186046512,0.9053509781357884,0.0759493670886076,0.3181818181818182,0.1441311852704258,0.8811881188118812,0.7142857142857143,0.9416666666666667,0.075,0.2857142857142857,0.08511904761904762,0.2846009660475325,0.4772348039926161
dristi,ExtraTrees,Ensemble Trees,Trained,0.8118811881188119,0.5957446808510638,0.8150172612197928,0.13924050632911392,0.36363636363636365,0.20483314154200227,0.8712871287128713,0.723404255319149,0.9297619047619048,0.1125,0.19047619047619047,0.14017857142857146,0.2559765730753984,0.40001926902897667
dristi,MLP,Neural Network,Trained,0.8613861386138614,0.631578947368421,0.8380322209436134,0.05063291139240506,0.45454545454545453,0.22756041426927504,0.8910891089108911,0.7027027027027027,0.9339285714285714,0.0375,0.38095238095238093,0.18273809523809523,0.009890830162728188,0.4296515644235976
dristi,OC-SVM,Anomaly Detection,Trained,0.6336633663366337,0.4307692307692308,0.700517836593786,0.3670886075949367,0.36363636363636365,0.3653624856156502,0.7128712871287128,0.49122807017543857,0.763095238095238,0.275,0.3333333333333333,0.3354166666666667,0.009881387842763769,0.24982178962784302
dristi,Isolation Forest,Anomaly Detection,Trained,0.594059405940594,0.3880597014925373,0.6239930955120828,0.4050632911392405,0.4090909090909091,0.4070771001150748,0.7128712871287128,0.49122807017543857,0.7065476190476192,0.275,0.3333333333333333,0.28660714285714284,0.11976874700867304,0.1998465059995514
dristi,Local Outlier Factor,Anomaly Detection,Trained,0.5841584158415841,0.38235294117647056,0.6087456846950519,0.4177215189873418,0.4090909090909091,0.4134062140391254,0.6138613861386139,0.43478260869565216,0.6976190476190476,0.4125,0.2857142857142857,0.3416666666666667,0.010065513082069925,0.1902747134356027
dristi,Weighted Fusion,Ensemble Fusion,Trained,0.9108910891089109,0.8163265306122449,0.9485040276179517,0.08860759493670886,0.09090909090909091,0.0897583429228999,0.8811881188118812,0.75,0.9625,0.1125,0.14285714285714285,0.14017857142857146,0.03966718617052135,0.54654095769949
manasa,TabPFN-3.5 Fast,Foundation,Not Evaluated,,,,,,,,,,,,,0.0,0.0
manasa,TabPFN-3.5,Foundation,Not Evaluated,,,,,,,,,,,,,0.0,0.0
manasa,TabFM,Foundation,Evaluated,0.2158273381294964,0.35502958579881655,0.5,1.0,0.0,0.5,0.21428571428571427,0.35294117647058826,0.5,1.0,0.0,0.5,13.169926705120279,0.021131497169128592
manasa,LightGBM,Gradient Boosted Tree,Trained,0.9064748201438849,0.7936507936507936,0.9420489296636085,0.07339449541284404,0.16666666666666666,0.14755351681957185,0.9071428571428571,0.7868852459016393,0.9424242424242425,0.06363636363636363,0.2,0.16060606060606059,0.018090652904922157,0.5311729122599691
manasa,CatBoost,Gradient Boosted Tree,Trained,0.8705035971223022,0.7352941176470589,0.9536697247706423,0.11926605504587157,0.16666666666666666,0.10963302752293577,0.85,0.704225352112676,0.9318181818181818,0.14545454545454545,0.16666666666666666,0.20606060606060606,0.017986023168769672,0.5068149711207828
manasa,XGBoost,Gradient Boosted Tree,Trained,0.9064748201438849,0.7868852459016393,0.9541284403669724,0.06422018348623854,0.2,0.12920489296636084,0.9071428571428571,0.7719298245614035,0.9572727272727273,0.045454545454545456,0.26666666666666666,0.1318181818181818,0.014421751173280126,0.5319203632431698
manasa,Random Forest,Ensemble Trees,Trained,0.8848920863309353,0.7241379310344828,0.9466360856269114,0.06422018348623854,0.3,0.10045871559633027,0.9071428571428571,0.7719298245614035,0.9318181818181819,0.045454545454545456,0.26666666666666666,0.16060606060606059,0.29830966922019025,0.5025603446379246
manasa,ExtraTrees,Ensemble Trees,Trained,0.8561151079136691,0.7142857142857143,0.9178899082568808,0.13761467889908258,0.16666666666666666,0.15672782874617736,0.8142857142857143,0.6578947368421053,0.9127272727272727,0.19090909090909092,0.16666666666666666,0.19545454545454544,0.19546378430702704,0.48443517793890695
manasa,MLP,Neural Network,Trained,0.8561151079136691,0.6,0.8570336391437309,0.045871559633027525,0.5,0.2359327217125382,0.85,0.6181818181818182,0.8596969696969697,0.07272727272727272,0.43333333333333335,0.19999999999999998,0.0,0.42170472796075065
manasa,OC-SVM,Anomaly Detection,Trained,0.6330935251798561,0.42696629213483145,0.632874617737003,0.3669724770642202,0.36666666666666664,0.36681957186544345,0.5857142857142857,0.4528301886792453,0.7369696969696969,0.4727272727272727,0.2,0.2787878787878788,0.0,0.23152211557215413
manasa,Isolation Forest,Anomaly Detection,Trained,0.697841726618705,0.5,0.7016819571865444,0.30275229357798167,0.3,0.30137614678899083,0.6071428571428571,0.42105263157894735,0.7296969696969697,0.4090909090909091,0.3333333333333333,0.3075757575757576,0.03612813332097994,0.299477482234396
manasa,Local Outlier Factor,Anomaly Detection,Trained,0.6330935251798561,0.42696629213483145,0.6870030581039756,0.3669724770642202,0.36666666666666664,0.36681957186544345,0.55,0.3883495145631068,0.7071212121212122,0.4818181818181818,0.3333333333333333,0.3303030303030303,0.007143981165165523,0.24505422566389728
manasa,Weighted Fusion,Ensemble Fusion,Trained,0.9280575539568345,0.8333333333333334,0.9368501529051988,0.045871559633027525,0.16666666666666666,0.14755351681957185,0.9142857142857143,0.7857142857142857,0.9287878787878788,0.03636363636363636,0.26666666666666666,0.16515151515151513,0.018090652904922157,0.5485358502189075
