window_id,user_id,user_name,session_id,window_start,window_end,accelerationMean,accelerationStd,clickCount,curvatureMean,curvatureStd,dwellMeanMs,dwellStdMs,flightMeanMs,flightStdMs,keysPerSec,mouseTravelPx,scrollAmount,velocityMean,velocityStd,split
win_3b6befa2d0820bea,e92e7c09-c1b8-4f72-a7a8-f75077608d1b,amal,683fb37f-6a47-4d27-b196-f268e545c7fc,2026-08-15T08:41:52.149000+00:00,2026-08-15T08:42:22.149000+00:00,2.096663268006393,0.4352268839616144,9.0,0.4842957089760796,0.0591111342150143,96.77600722556728,28.605937291632312,62.48785753517262,21.175059430877635,5.807624429767269,3046.1094370571395,382.0709142259597,1096.4618026429962,215.76858566377032,train
win_df098f3c837d6740,e92e7c09-c1b8-4f72-a7a8-f75077608d1b,amal,43c7c9d4-9f4b-4823-bc49-2bdd58b9a92d,2026-08-17T00:41:52.149000+00:00,2026-08-17T00:42:22.149000+00:00,2.8944667731030798,0.7723034323295707,6.0,0.3773333336791084,0.1093513897681308,143.96190673447302,27.891089448311448,76.35086752303533,24.68980879314025,4.874964072335619,41464.695685570725,313.02123749469206,1371.4484653999805,170.79962838888832,train
win_f568cdcf64f36367,e92e7c09-c1b8-4f72-a7a8-f75077608d1b,amal,ab25bfe3-fb2a-4125-9fc1-f942cf986fdf,2026-08-14T21:41:52.149000+00:00,2026-08-14T21:42:22.149000+00:00,2.459151448309928,0.9196411096287648,9.0,0.4392812334017807,0.1538446224172964,108.1359380904409,31.638230715599587,94.7424002413902,20.48048929497565,5.220647733168032,42650.22719601987,281.2543917358198,622.1866499619057,131.85923114452973,train
win_ed9c491a4144cb81,e92e7c09-c1b8-4f72-a7a8-f75077608d1b,amal,683fb37f-6a47-4d27-b196-f268e545c7fc,2026-08-16T09:41:52.149000+00:00,2026-08-16T09:42:22.149000+00:00,2.6536884112430017,0.5334552650875835,5.0,0.4116488198907132,0.168655904200536,89.00063815421305,28.592682697784863,105.2585144819152,19.96405862561976,5.446062243445201,32674.53807560128,264.89256037195537,1134.7261539870397,299.4909082818265,train
win_cc430dc92ea22289,e92e7c09-c1b8-4f72-a7a8-f75077608d1b,amal,43c7c9d4-9f4b-4823-bc49-2bdd58b9a92d,2026-08-16T08:41:52.149000+00:00,2026-08-16T08:42:22.149000+00:00,0.7850022490673196,0.7600613021676818,2.0,0.1656906477256427,0.1588619840964174,103.21579057900144,11.972341337578433,66.06731417268699,25.463713528904243,3.9515614798259535,48929.286767879246,128.31073823280514,704.3763619261774,293.0758114731468,train
win_77aecb0a53f8b069,e92e7c09-c1b8-4f72-a7a8-f75077608d1b,amal,e9fb2cdf-79e4-478e-b6ac-0a722e9e07c6,2026-08-16T01:41:52.149000+00:00,2026-08-16T01:42:22.149000+00:00,0.6359415346963797,0.3296528557005739,10.0,0.2248224738860499,0.1366118195611671,88.89745045849571,32.145993436386014,99.91740011354628,19.09725631495164,3.879667755202033,10297.664851649632,1.8673895663330888,705.6629039703462,242.0786887696001,train
win_5185be941247ff32,e92e7c09-c1b8-4f72-a7a8-f75077608d1b,amal,a36c8d90-c089-40c7-921e-909160986f4f,2026-08-14T23:41:52.149000+00:00,2026-08-14T23:42:22.149000+00:00,0.5312654378832183,0.7106679572535455,5.0,0.3345083149127644,0.1348644743813913,99.14920499608624,27.85977306357721,103.33555109877044,7.092968179073948,4.745032832073953,27443.271361018076,489.9478194742889,596.5490357632593,363.348681189893,train
win_e60bddb6daa8e4ce,e92e7c09-c1b8-4f72-a7a8-f75077608d1b,amal,a36c8d90-c089-40c7-921e-909160986f4f,2026-08-15T02:41:52.149000+00:00,2026-08-15T02:42:22.149000+00:00,1.8156678663550772,0.2418314965835426,1.0,0.4684314971928771,0.1121766385827556,98.08222325163634,35.75261989881231,90.57348666874124,16.55290443501394,3.587130674459148,1860.0807733821712,432.56880815334944,1218.4003723150515,462.96919602641,train
win_ebb750a9ae8190e6,e92e7c09-c1b8-4f72-a7a8-f75077608d1b,amal,43c7c9d4-9f4b-4823-bc49-2bdd58b9a92d,2026-08-16T00:41:52.149000+00:00,2026-08-16T00:42:22.149000+00:00,1.3662807480029002,0.2389022467808466,5.0,0.2280359718628739,0.1828945424337081,104.72443529381624,21.04712023196117,71.27751544597747,18.5962576747812,4.834571053698684,9235.579955739004,466.88614633550753,831.8355884292448,484.4843098263122,train
win_f9498f86c80ebef3,e92e7c09-c1b8-4f72-a7a8-f75077608d1b,amal,43c7c9d4-9f4b-4823-bc49-2bdd58b9a92d,2026-08-15T02:41:52.149000+00:00,2026-08-15T02:42:22.149000+00:00,2.992311152587495,0.7049823973075067,0.0,0.1925177953880991,0.1867451252801165,81.20606510615737,23.029936944546968,100.4191043924922,9.986436394409314,4.560695337188282,18753.57955471885,337.16421185804995,1470.797019419116,141.80923094867413,train
win_e980bed3ae5580ca,e92e7c09-c1b8-4f72-a7a8-f75077608d1b,amal,43c7c9d4-9f4b-4823-bc49-2bdd58b9a92d,2026-08-15T10:41:52.149000+00:00,2026-08-15T10:42:22.149000+00:00,2.4976866723330486,0.170152610148215,3.0,0.3037941983755817,0.1405912436426667,93.4403071822594,34.98661847122917,77.40115961310082,18.21479207177744,3.325809429970546,40756.13759644817,130.95244181868597,1169.3847964050792,147.2759085529539,train
win_b96e5fc26c3f6026,e92e7c09-c1b8-4f72-a7a8-f75077608d1b,amal,a36c8d90-c089-40c7-921e-909160986f4f,2026-08-14T15:41:52.149000+00:00,2026-08-14T15:42:22.149000+00:00,1.1363065046143637,0.1406270295331917,3.0,0.1337744671818199,0.0986450778080687,120.92816216512202,13.628462740448976,70.65255001277559,18.719133954124555,3.7289535614475326,3275.030440461608,51.26337109414242,887.3002914292861,332.4885320757937,train
win_55c5213cf166e385,e92e7c09-c1b8-4f72-a7a8-f75077608d1b,amal,683fb37f-6a47-4d27-b196-f268e545c7fc,2026-08-15T15:41:52.149000+00:00,2026-08-15T15:42:22.149000+00:00,2.5582296886855045,0.24846676432743,6.0,0.1603341516348675,0.1089813876897422,131.50044732655152,10.894877231427031,109.78199299470594,11.141542490449725,4.451313041491879,3772.093219467884,361.39951801687226,1133.9273532520574,396.0768057909628,train
win_83bdee2ff41bf3b6,e92e7c09-c1b8-4f72-a7a8-f75077608d1b,amal,683fb37f-6a47-4d27-b196-f268e545c7fc,2026-08-16T08:41:52.149000+00:00,2026-08-16T08:42:22.149000+00:00,0.7601102625234595,0.6154134431662951,9.0,0.1150163562171461,0.113418567499674,90.48291490934604,17.990074135484505,68.26458874279739,14.156644655979376,5.6638447307573365,26285.30703708446,96.30850609290698,539.045374750542,469.7706405475431,train
win_8823be80a4e9288d,e92e7c09-c1b8-4f72-a7a8-f75077608d1b,amal,43c7c9d4-9f4b-4823-bc49-2bdd58b9a92d,2026-08-16T15:41:52.149000+00:00,2026-08-16T15:42:22.149000+00:00,2.5363300748258832,0.6603891962541873,5.0,0.4158490740229584,0.1957860907281187,148.20244120882464,20.79701115183561,63.04145249965424,17.537970654476496,3.380300875012245,39331.4074834054,490.6652913084681,1422.9406904125894,475.21703126437455,train
win_319909e25b939500,e92e7c09-c1b8-4f72-a7a8-f75077608d1b,amal,43c7c9d4-9f4b-4823-bc49-2bdd58b9a92d,2026-08-15T08:41:52.149000+00:00,2026-08-15T08:42:22.149000+00:00,1.3876536549415734,0.2413994886488433,4.0,0.2253191420773818,0.1083313097546391,112.1618317912401,37.85358132483061,81.05846672215723,11.945488524279131,4.485559762148126,20709.63049705533,281.3753568163368,937.3168674283404,482.5822218513191,train
win_321c4c66b484eff6,e92e7c09-c1b8-4f72-a7a8-f75077608d1b,amal,a36c8d90-c089-40c7-921e-909160986f4f,2026-08-15T17:41:52.149000+00:00,2026-08-15T17:42:22.149000+00:00,0.971801375160093,0.5383176725084806,10.0,0.2547835914154442,0.092139594579049,147.9942946150637,18.083728546401925,71.53999831347116,27.471299204702376,3.8242774540893913,38882.39255805064,227.699815187306,634.1133190885417,218.6584974222184,train
win_709a5c6f2591314d,e92e7c09-c1b8-4f72-a7a8-f75077608d1b,amal,683fb37f-6a47-4d27-b196-f268e545c7fc,2026-08-15T16:41:52.149000+00:00,2026-08-15T16:42:22.149000+00:00,1.1885820975600674,0.5261487637583111,9.0,0.4932795102513737,0.0864626499139217,105.19662869027265,31.70939646334068,76.50556373087363,6.677163379868688,3.9339599489681296,26945.311401944607,371.4524349190258,640.1923928438356,314.11610169648543,train
win_855aa69111353872,e92e7c09-c1b8-4f72-a7a8-f75077608d1b,amal,e9fb2cdf-79e4-478e-b6ac-0a722e9e07c6,2026-08-15T21:41:52.149000+00:00,2026-08-15T21:42:22.149000+00:00,1.2373666350222623,0.5121748349786003,1.0,0.387113784266594,0.1068241983675803,87.05690228703529,10.526498140860486,70.89347741104356,27.110838076167635,4.388192950080856,25727.939415930792,263.04215551067347,768.6968816146143,280.00038854225545,train
win_8b58dc1e04b55aea,e92e7c09-c1b8-4f72-a7a8-f75077608d1b,amal,e9fb2cdf-79e4-478e-b6ac-0a722e9e07c6,2026-08-15T04:41:52.149000+00:00,2026-08-15T04:42:22.149000+00:00,1.2518841326470516,0.1127688027078558,3.0,0.221421345586038,0.1014048874825715,80.09285546135374,28.28574962478121,117.06991537329344,22.30262701129677,5.055513812882937,20247.15484399636,230.3676153414133,1410.911751977057,234.21470167105883,train
win_3f60eda6d9233e33,e92e7c09-c1b8-4f72-a7a8-f75077608d1b,amal,e9fb2cdf-79e4-478e-b6ac-0a722e9e07c6,2026-08-14T12:41:52.149000+00:00,2026-08-14T12:42:22.149000+00:00,0.906756808548872,0.9456277785139487,2.0,0.2509728411944929,0.1431237252409257,90.98254122667592,24.084040169564155,115.9151179428104,10.784588563417076,4.881294401229697,13716.110790953884,356.1601702169395,504.6246212266158,183.52968480757917,train
win_e989ad057702f214,e92e7c09-c1b8-4f72-a7a8-f75077608d1b,amal,a36c8d90-c089-40c7-921e-909160986f4f,2026-08-14T10:41:52.149000+00:00,2026-08-14T10:42:22.149000+00:00,1.1841051940631648,0.9028818005445716,10.0,0.1612685980409613,0.1454152492890576,115.53338342131735,22.183413117269083,65.45012481290604,13.729898880320755,3.806297662028637,49998.817337163375,69.89445875319849,938.6773172616568,280.6497549251284,train
win_80ffb6ff7ab5d84b,e92e7c09-c1b8-4f72-a7a8-f75077608d1b,amal,a36c8d90-c089-40c7-921e-909160986f4f,2026-08-17T02:41:52.149000+00:00,2026-08-17T02:42:22.149000+00:00,2.8568714283437098,0.9433131222878428,9.0,0.4994605407427815,0.1822372002502056,132.8160735189952,25.51783111265943,62.50170432791025,7.338784768472433,3.77392782592488,5704.670240775568,145.29609473379435,965.9734832444144,238.9743882751715,train
win_68c35ec6912bb398,e92e7c09-c1b8-4f72-a7a8-f75077608d1b,amal,ab25bfe3-fb2a-4125-9fc1-f942cf986fdf,2026-08-16T04:41:52.149000+00:00,2026-08-16T04:42:22.149000+00:00,1.9108967843767084,0.3279319302780299,0.0,0.2297244464080735,0.080932256667831,96.66153298973848,17.97225979136727,92.59439188034332,14.08956230484111,5.587451108373093,10795.65940658214,312.84731724405776,1253.9891111150414,246.5161529566202,train
win_6bda80b4d427cb4a,e92e7c09-c1b8-4f72-a7a8-f75077608d1b,amal,ab25bfe3-fb2a-4125-9fc1-f942cf986fdf,2026-08-17T01:41:52.149000+00:00,2026-08-17T01:42:22.149000+00:00,1.5633126976231586,0.3473527818877923,9.0,0.3224392913216372,0.1457933251716693,92.63936992987028,28.20010784504633,85.51738138557384,17.342974418354427,5.64642349334148,34386.95352289023,443.9609331878239,545.519991163202,386.54142293422274,train
win_695983b748eb7886,e92e7c09-c1b8-4f72-a7a8-f75077608d1b,amal,683fb37f-6a47-4d27-b196-f268e545c7fc,2026-08-17T00:41:52.149000+00:00,2026-08-17T00:42:22.149000+00:00,0.959217505308416,0.9983946392183382,6.0,0.2263777954329736,0.1876351566887444,123.1010784773051,17.800640857244563,65.35985309141336,12.03376734469604,3.432556103368004,31888.961804504805,78.64607999750828,967.3671339459116,425.5553900689368,train
win_a7f1b37292668b0c,e92e7c09-c1b8-4f72-a7a8-f75077608d1b,amal,e9fb2cdf-79e4-478e-b6ac-0a722e9e07c6,2026-08-14T13:41:52.149000+00:00,2026-08-14T13:42:22.149000+00:00,1.6624314350483385,0.3627968786916304,3.0,0.1938154440012492,0.1608158748792063,121.24325458330016,17.443814507023436,58.51910691851435,20.209295606928656,5.441515793674693,16020.183036108803,347.0894339387737,741.3407531164826,463.76712757393625,train
win_7f4031c8f8fe3773,e92e7c09-c1b8-4f72-a7a8-f75077608d1b,amal,e9fb2cdf-79e4-478e-b6ac-0a722e9e07c6,2026-08-16T13:41:52.149000+00:00,2026-08-16T13:42:22.149000+00:00,0.6939667985429074,0.5357841006973971,10.0,0.4055042279778516,0.0754716722449444,116.73464945535412,34.81849347870341,111.81594976060376,5.3441751341096335,4.804217772802311,2331.5352053090637,198.1088486276577,1343.988489685329,364.0542459422789,train
win_3dc444cf6aa0a3c2,e92e7c09-c1b8-4f72-a7a8-f75077608d1b,amal,e9fb2cdf-79e4-478e-b6ac-0a722e9e07c6,2026-08-15T13:41:52.149000+00:00,2026-08-15T13:42:22.149000+00:00,0.923941212492318,0.8852251913444692,6.0,0.3134131245552757,0.1682660058662536,123.5267265627533,20.762158946548382,52.377801852130624,24.60310349665443,4.036912284452799,47430.078647853086,34.669487815976176,1477.594823477169,119.05230766205024,train
win_40d14e9d3b215f50,e92e7c09-c1b8-4f72-a7a8-f75077608d1b,amal,ab25bfe3-fb2a-4125-9fc1-f942cf986fdf,2026-08-16T07:41:52.149000+00:00,2026-08-16T07:42:22.149000+00:00,1.7804712532496183,0.4916290783854357,8.0,0.2191262901435484,0.1118926629830966,85.8213973901208,14.476881968431895,89.47601248503045,12.869946823240292,5.42919413961113,35966.247083517745,80.73408231355073,1472.612829509254,184.73731459791475,train
win_49fd9665a5c25659,e92e7c09-c1b8-4f72-a7a8-f75077608d1b,amal,683fb37f-6a47-4d27-b196-f268e545c7fc,2026-08-16T22:41:52.149000+00:00,2026-08-16T22:42:22.149000+00:00,1.484731770652888,0.1700003012633553,2.0,0.1107713989455931,0.1145076464841571,91.01047161702448,37.09345538141904,111.20874769354404,18.280606175856967,4.342153240593377,13146.35580892035,51.86761736751011,1194.7955739947847,354.1858936857784,train
win_f958e9ca51efe1ab,e92e7c09-c1b8-4f72-a7a8-f75077608d1b,amal,e9fb2cdf-79e4-478e-b6ac-0a722e9e07c6,2026-08-17T06:41:52.149000+00:00,2026-08-17T06:42:22.149000+00:00,0.8398550094592867,0.9354600161802868,8.0,0.4495884276002897,0.0841439668825091,134.91258927007652,17.77199888714577,51.00785461030416,14.746500018936809,3.0359193946085687,41260.29841025937,454.2109431931385,1341.6648433767346,333.1422809645135,train
win_a7b512f25b431d77,e92e7c09-c1b8-4f72-a7a8-f75077608d1b,amal,e9fb2cdf-79e4-478e-b6ac-0a722e9e07c6,2026-08-14T15:41:52.149000+00:00,2026-08-14T15:42:22.149000+00:00,1.9525634262562648,0.605091010263946,4.0,0.462789024225995,0.0918221372433509,123.10136417134277,38.375055141121706,64.97915830294241,11.354789771333715,3.74995472874035,34573.05070203727,486.9100253385471,574.5000072239156,237.86399605239424,train
win_60294a358f3dee87,e92e7c09-c1b8-4f72-a7a8-f75077608d1b,amal,a36c8d90-c089-40c7-921e-909160986f4f,2026-08-14T19:41:52.149000+00:00,2026-08-14T19:42:22.149000+00:00,1.4621945299790229,0.2204462643699255,5.0,0.1197574931985692,0.0891676415184066,103.15327016974236,19.305498701347723,59.61903911590737,9.533426783614164,3.3304816883908948,16631.646012100136,50.77802834068496,776.1915652197677,296.44135694597304,train
win_6ab621f98720b2b7,e92e7c09-c1b8-4f72-a7a8-f75077608d1b,amal,ab25bfe3-fb2a-4125-9fc1-f942cf986fdf,2026-08-15T22:41:52.149000+00:00,2026-08-15T22:42:22.149000+00:00,1.875776607445749,0.6647516487390123,9.0,0.4694023611124757,0.1561057563888599,102.55535863490957,26.781944821078795,59.180725848681874,29.899288071853704,4.58755713574094,30605.779459652524,491.04943684377736,1324.2916382294218,489.2910063262311,train
win_48fc5b4e7bcbbf41,e92e7c09-c1b8-4f72-a7a8-f75077608d1b,amal,ab25bfe3-fb2a-4125-9fc1-f942cf986fdf,2026-08-15T07:41:52.149000+00:00,2026-08-15T07:42:22.149000+00:00,0.7948748036381679,0.4266592796364128,4.0,0.1903910817363051,0.1101480802420381,144.74405838785754,33.6299995088951,110.30114755628004,5.976113786609353,5.927007428756716,6506.191602143531,29.15268509033786,1474.6076540779995,424.9162714590788,train
win_d30d6b32aa893dc0,e92e7c09-c1b8-4f72-a7a8-f75077608d1b,amal,43c7c9d4-9f4b-4823-bc49-2bdd58b9a92d,2026-08-16T09:41:52.149000+00:00,2026-08-16T09:42:22.149000+00:00,2.955715393626224,0.9172583290965812,10.0,0.389596603763645,0.1179720508674238,143.76066269479895,12.864049564800464,70.39207508901832,19.299098324482635,5.238364445823539,10775.563600108751,140.58289407803974,1285.1888789994096,210.050716766934,train
win_a2e1717242e31391,e92e7c09-c1b8-4f72-a7a8-f75077608d1b,amal,e9fb2cdf-79e4-478e-b6ac-0a722e9e07c6,2026-08-16T12:41:52.149000+00:00,2026-08-16T12:42:22.149000+00:00,2.309450934502171,0.7480528648873518,6.0,0.3277132499589782,0.0630811342079725,146.38843896333688,30.008272072755165,65.00019784142665,28.389233874098483,3.613322663107573,1336.011273541891,111.79610334351298,1459.0994861682775,426.9184607763414,train
win_875474b309126b2e,e92e7c09-c1b8-4f72-a7a8-f75077608d1b,amal,a36c8d90-c089-40c7-921e-909160986f4f,2026-08-15T12:41:52.149000+00:00,2026-08-15T12:42:22.149000+00:00,2.3318533065550016,0.451056581588848,8.0,0.4548605199430984,0.0637697542496833,146.5564267365413,16.142941974139475,87.65495283936664,11.9764256081564,5.108737769321843,39742.59934411263,330.11743845133924,611.5419410472182,478.8511873642208,train
win_2003aa5e0c375028,e92e7c09-c1b8-4f72-a7a8-f75077608d1b,amal,a36c8d90-c089-40c7-921e-909160986f4f,2026-08-16T23:41:52.149000+00:00,2026-08-16T23:42:22.149000+00:00,2.824193068813451,0.1659692270634333,9.0,0.1351129896014046,0.1014288390696476,143.95363686536714,37.30920322575091,98.17346043863417,23.01409807695152,4.441956321673971,35317.86672959953,121.08733492228718,1305.209362536249,260.0482494245004,train
win_28fe44cdaaf4db7d,e92e7c09-c1b8-4f72-a7a8-f75077608d1b,amal,ab25bfe3-fb2a-4125-9fc1-f942cf986fdf,2026-08-17T03:41:52.149000+00:00,2026-08-17T03:42:22.149000+00:00,2.6218696292659085,0.3968086528223027,3.0,0.4561817527329436,0.1460135363054174,119.07503951530968,32.76665923405161,86.03400593439147,6.495312537229346,3.587812477350042,38648.35559319455,132.2886085509387,948.090635271811,468.001339607501,train
win_b03051aa7c2a84e1,e92e7c09-c1b8-4f72-a7a8-f75077608d1b,amal,e9fb2cdf-79e4-478e-b6ac-0a722e9e07c6,2026-08-16T00:41:52.149000+00:00,2026-08-16T00:42:22.149000+00:00,0.7761881810086753,0.8675373584936712,7.0,0.2162974124449632,0.1106457035397424,121.62914254892678,18.540368223311475,51.57528020281463,20.657047686635835,5.357821085190777,45929.04973834424,307.2853392904736,1298.9296388184546,397.980815614588,train
win_ad8258c158c2cf65,e92e7c09-c1b8-4f72-a7a8-f75077608d1b,amal,a36c8d90-c089-40c7-921e-909160986f4f,2026-08-15T16:41:52.149000+00:00,2026-08-15T16:42:22.149000+00:00,1.2891011826671863,0.7886083139343198,9.0,0.270402335344712,0.1094387325944225,135.43618757180718,26.369865159555346,119.64881009646004,5.320474106097454,4.394894496645735,38966.1503817922,460.7361139531906,1382.509831642891,321.0562846808799,train
win_9e55363800676c29,e92e7c09-c1b8-4f72-a7a8-f75077608d1b,amal,683fb37f-6a47-4d27-b196-f268e545c7fc,2026-08-17T02:41:52.149000+00:00,2026-08-17T02:42:22.149000+00:00,0.9637702269423688,0.2527196920796785,9.0,0.3203802632959863,0.1344176376526858,140.69973444538437,28.253776481888124,83.41214007748383,18.86510715226278,3.5052991983258943,35231.39456869222,419.76826874479593,1433.6811981036062,422.99184338313125,train
win_031d8d30a7b8fe25,e92e7c09-c1b8-4f72-a7a8-f75077608d1b,amal,43c7c9d4-9f4b-4823-bc49-2bdd58b9a92d,2026-08-16T03:41:52.149000+00:00,2026-08-16T03:42:22.149000+00:00,1.2376665113695402,0.1386867342629065,1.0,0.4467942005713451,0.1684752662524806,105.5298756585438,12.546143041361404,75.23729545424108,17.78449361025145,4.611111603786812,18742.655473834497,163.8303329415075,1011.8030086263528,467.5145031149829,train
win_61dcbd90f0c5d35b,e92e7c09-c1b8-4f72-a7a8-f75077608d1b,amal,a36c8d90-c089-40c7-921e-909160986f4f,2026-08-16T03:41:52.149000+00:00,2026-08-16T03:42:22.149000+00:00,1.592194419022536,0.3948286512958202,3.0,0.3234720660047804,0.1657848649280452,133.86793480253445,19.48543061145568,88.6439184920003,16.698398319681505,5.822031016566662,38121.68850479266,125.9428277376348,1000.8901107221134,226.56320703924695,train
win_afbe2799898f08db,e92e7c09-c1b8-4f72-a7a8-f75077608d1b,amal,e9fb2cdf-79e4-478e-b6ac-0a722e9e07c6,2026-08-15T01:41:52.149000+00:00,2026-08-15T01:42:22.149000+00:00,0.731659679458569,0.7376564119576695,6.0,0.3800250875970946,0.1112836177548187,126.24499980315414,23.09989050897491,87.07224699192119,26.312037771130328,5.95853556284691,5398.178824599574,377.6479826983185,709.0143716632108,388.32629454163776,train
win_6113ab3163092a14,e92e7c09-c1b8-4f72-a7a8-f75077608d1b,amal,e9fb2cdf-79e4-478e-b6ac-0a722e9e07c6,2026-08-16T06:41:52.149000+00:00,2026-08-16T06:42:22.149000+00:00,1.6903849572522918,0.6873079687795721,8.0,0.106125427099275,0.0637969594472591,106.88560893598788,17.39075875091384,112.24278582842588,25.13914112805129,4.066867960939223,36209.82379514441,478.5123964043336,764.7353864419242,116.73977782836069,train
win_6938ea0cdb590424,e92e7c09-c1b8-4f72-a7a8-f75077608d1b,amal,683fb37f-6a47-4d27-b196-f268e545c7fc,2026-08-16T20:41:52.149000+00:00,2026-08-16T20:42:22.149000+00:00,1.9849093539956428,0.6906672699573596,2.0,0.458075604415732,0.0851187344060732,145.03016230705794,39.019021648128245,100.89484534531286,21.959662301628207,3.639435030290339,26753.99421236279,267.8342199324061,547.5139096543078,209.6597652773818,train
win_0e4601e7d4002712,e92e7c09-c1b8-4f72-a7a8-f75077608d1b,amal,ab25bfe3-fb2a-4125-9fc1-f942cf986fdf,2026-08-14T20:41:52.149000+00:00,2026-08-14T20:42:22.149000+00:00,2.5306519368818847,0.8879627388984183,7.0,0.4783661716498103,0.0763899651659377,113.98951882113492,21.3675161031734,84.30734907119947,16.980402181952513,4.90965186478488,43378.22384451256,89.43838045784192,913.969936266028,272.87261130606174,train
win_78df100b4684bdff,e92e7c09-c1b8-4f72-a7a8-f75077608d1b,amal,683fb37f-6a47-4d27-b196-f268e545c7fc,2026-08-15T03:41:52.149000+00:00,2026-08-15T03:42:22.149000+00:00,1.8716681714470236,0.5719428522730772,1.0,0.3589550624978858,0.1646017906542805,120.06349437847166,29.0906302868973,72.59299591385947,28.766742755813382,5.141084591831087,42586.03021449949,155.37945732229912,938.5862191906124,146.92083112256546,train
win_b86a4d330d201fcf,e92e7c09-c1b8-4f72-a7a8-f75077608d1b,amal,43c7c9d4-9f4b-4823-bc49-2bdd58b9a92d,2026-08-15T22:41:52.149000+00:00,2026-08-15T22:42:22.149000+00:00,2.6875553732222395,0.6956698974209343,5.0,0.1563734009258066,0.1799943190147455,100.11257095744514,16.452899646233288,60.459512446961256,19.933707094844717,3.771544939238296,46378.42079908921,236.8189492537774,1411.470861840634,270.3346319572097,train
win_4e2fa52d2b5b2718,e92e7c09-c1b8-4f72-a7a8-f75077608d1b,amal,e9fb2cdf-79e4-478e-b6ac-0a722e9e07c6,2026-08-15T08:41:52.149000+00:00,2026-08-15T08:42:22.149000+00:00,2.2426676677702218,0.1833474804937138,9.0,0.190870654187974,0.1928809424030048,109.2150198455823,21.52346680877959,56.65970486117188,27.443316179143757,5.296657862886227,5858.074831823909,147.21349994223866,875.3002410772873,418.41508782586806,train
win_7d7dc8690f89c930,e92e7c09-c1b8-4f72-a7a8-f75077608d1b,amal,a36c8d90-c089-40c7-921e-909160986f4f,2026-08-15T13:41:52.149000+00:00,2026-08-15T13:42:22.149000+00:00,1.2589482339699427,0.3825763538073514,8.0,0.226717156940239,0.1314972735379082,133.3995118468153,21.290742979393904,100.42358840408596,8.416662551401123,4.368599404285671,12441.216709550024,433.399614466192,1475.971132277552,437.1173339834351,train
win_08bdb43ddec6f8b1,e92e7c09-c1b8-4f72-a7a8-f75077608d1b,amal,ab25bfe3-fb2a-4125-9fc1-f942cf986fdf,2026-08-16T01:41:52.149000+00:00,2026-08-16T01:42:22.149000+00:00,0.5691213013738909,0.3705425987422454,2.0,0.1354886958892092,0.1814020381573541,122.86247096537696,19.79859373511433,55.98833993690724,15.225863361646342,4.016338210173663,47986.18713721704,152.65060325809188,1260.6014060438106,210.97632942166905,train
win_02495e12fd700145,e92e7c09-c1b8-4f72-a7a8-f75077608d1b,amal,683fb37f-6a47-4d27-b196-f268e545c7fc,2026-08-15T05:41:52.149000+00:00,2026-08-15T05:42:22.149000+00:00,0.6372874904704069,0.6092678550984836,0.0,0.2127205998458003,0.1221359997702216,105.36437127529685,18.85281024881841,66.26312649771187,13.198962681572178,3.8972447796784655,9242.909996669105,337.69712059903856,598.4263692946,400.8249625350112,train
win_bd9b5acad0bae709,e92e7c09-c1b8-4f72-a7a8-f75077608d1b,amal,43c7c9d4-9f4b-4823-bc49-2bdd58b9a92d,2026-08-16T12:41:52.149000+00:00,2026-08-16T12:42:22.149000+00:00,1.5303353273538876,0.2465374113261406,4.0,0.4334973665495251,0.0568570823587942,148.99929457916835,24.73721735397567,100.43012348306031,23.74347826087632,4.862020099680894,32556.43380106724,106.7211667467992,1069.2926628914802,412.6278380544662,train
win_12f75584a93b86d7,e92e7c09-c1b8-4f72-a7a8-f75077608d1b,amal,a90f9b8d-c3f1-4748-99d5-cc782623de81,2026-08-15T08:42:51.029000+00:00,2026-08-15T08:43:21.029000+00:00,2.337149346381752,0.7874325967431955,4.0,0.2780272724802793,0.1732255038050376,134.33088693998613,21.029123138198077,84.16396261769461,29.642083942843247,3.380230166338837,27878.528603926967,432.5115430912301,962.5332210566182,489.75457768647897,train
win_efec20dbf2f3c43f,e92e7c09-c1b8-4f72-a7a8-f75077608d1b,amal,a90f9b8d-c3f1-4748-99d5-cc782623de81,2026-08-16T08:42:51.029000+00:00,2026-08-16T08:43:21.029000+00:00,2.97007450051753,0.5479580338161048,1.0,0.1652900644860728,0.1038033080151934,92.18856284837032,20.896415009286574,84.61855479893461,26.77893095535697,3.4072498108421114,7382.390724982642,120.5536028677802,929.492167551516,117.02498268516749,train
win_5d2fef1c48134043,dba80c84-68fd-45b2-ba28-10f10075b239,dristi,05bc7ce0-dbdf-4bb8-babe-c66084786cd0,2026-08-14T13:53:01.217000+00:00,2026-08-14T13:53:31.217000+00:00,2.674918534290915,0.8022986319063171,5.0,0.4007323842336078,0.0662346454739796,139.1795488339415,27.55371149273857,78.42829006075847,18.076516266262352,3.5265273720472488,40525.56893159237,482.7170819519425,502.83168539772,299.18487260512086,train
win_cfbb0d8dcaa01ce3,dba80c84-68fd-45b2-ba28-10f10075b239,dristi,27cc7537-a40e-47c3-a98f-89dbe78e8cb9,2026-08-16T18:53:01.217000+00:00,2026-08-16T18:53:31.217000+00:00,0.6070429874739098,0.7194051344109789,3.0,0.1679342322530939,0.173074596721895,135.81407354686473,16.812949367687054,72.42364715941949,16.67720060879681,4.77709301519673,24480.578495482758,345.0945274656629,1327.2209258674798,325.9447094081977,train
win_5da4b9528ee3775b,dba80c84-68fd-45b2-ba28-10f10075b239,dristi,05bc7ce0-dbdf-4bb8-babe-c66084786cd0,2026-08-15T15:53:01.217000+00:00,2026-08-15T15:53:31.217000+00:00,2.17366504064368,0.929687586768342,7.0,0.4794596037699502,0.0952910848279955,133.43313805891628,13.780397199516036,75.13582056653635,5.434368624220949,3.498315195917339,14629.216947886109,110.4710453380744,1026.337515537174,483.4819952879175,train
win_f05d6201206744f9,dba80c84-68fd-45b2-ba28-10f10075b239,dristi,27cc7537-a40e-47c3-a98f-89dbe78e8cb9,2026-08-16T04:53:01.217000+00:00,2026-08-16T04:53:31.217000+00:00,2.2682727775323963,0.55509429426721,8.0,0.1925871459789658,0.0976150090790406,85.95010574984974,32.70934522130035,61.57710145518873,17.777320535346433,3.1480829075276606,33345.751577026844,271.793073623531,682.4927252274143,360.7731291184338,train
win_eee9a52378c9018f,dba80c84-68fd-45b2-ba28-10f10075b239,dristi,d840a02c-5fc4-4737-90f0-cd5b47cac023,2026-08-15T12:53:01.217000+00:00,2026-08-15T12:53:31.217000+00:00,1.595599604926258,0.97319714845283,8.0,0.3072609036503886,0.1803265125581542,124.27426135415988,37.21038532203615,104.32954118664952,12.479513049967458,3.7873369704950046,38209.08067159466,37.6643593383933,605.3054839708094,160.81520262737877,train
win_3019b864a7137df9,dba80c84-68fd-45b2-ba28-10f10075b239,dristi,d840a02c-5fc4-4737-90f0-cd5b47cac023,2026-08-17T06:53:01.217000+00:00,2026-08-17T06:53:31.217000+00:00,2.321063545614714,0.4370171813142527,4.0,0.2964377136898681,0.1046087696448248,146.52483797971087,11.582945229064816,51.86718212132226,10.123648164109454,3.202105567837841,21731.29644191444,29.72361845532712,1102.414808696869,342.27371459337684,train
win_92137f5dab3a70b3,dba80c84-68fd-45b2-ba28-10f10075b239,dristi,05bc7ce0-dbdf-4bb8-babe-c66084786cd0,2026-08-16T16:53:01.217000+00:00,2026-08-16T16:53:31.217000+00:00,0.8362623112925545,0.7685518732285832,3.0,0.2082425146544079,0.063428369168369,89.66791456956494,20.921610288540364,85.51140011630838,25.39193073353813,4.552285754068704,32943.157723510216,159.0808034476957,883.7463442328167,424.26720850074815,train
win_b440989629dae1e2,dba80c84-68fd-45b2-ba28-10f10075b239,dristi,d840a02c-5fc4-4737-90f0-cd5b47cac023,2026-08-14T16:53:01.217000+00:00,2026-08-14T16:53:31.217000+00:00,0.833618230377894,0.7700689170322531,1.0,0.4115937941576232,0.194812045684024,83.43173499407615,28.102684833582103,112.06173860716126,12.670651126200047,5.402878288053499,35483.980325335506,388.5455632437086,757.3009319022692,406.2847600541169,train
win_25bd7e64bed071ff,dba80c84-68fd-45b2-ba28-10f10075b239,dristi,d840a02c-5fc4-4737-90f0-cd5b47cac023,2026-08-16T03:53:01.217000+00:00,2026-08-16T03:53:31.217000+00:00,2.218881775034812,0.874859706485812,2.0,0.1045796911855318,0.1557965461271034,82.33731234498634,28.06232810048485,56.96239526093219,21.01754710921835,4.158876166157345,45943.969324550606,155.6193723931827,740.1290276657501,143.2952961492495,train
win_48cb5edacb3480ec,dba80c84-68fd-45b2-ba28-10f10075b239,dristi,05bc7ce0-dbdf-4bb8-babe-c66084786cd0,2026-08-15T00:53:01.217000+00:00,2026-08-15T00:53:31.217000+00:00,2.160914665614117,0.7086726684150112,4.0,0.3211682156855715,0.1740818242413843,148.6677815984214,26.942947437731853,68.08149147804784,28.967905044330003,4.123132912647919,40244.194192923685,88.79763312570165,1074.1233270040225,371.9246259474327,train
win_21efe61bd42d2169,dba80c84-68fd-45b2-ba28-10f10075b239,dristi,27cc7537-a40e-47c3-a98f-89dbe78e8cb9,2026-08-15T07:53:01.217000+00:00,2026-08-15T07:53:31.217000+00:00,2.78036193393664,0.4613709538437601,9.0,0.2811893720808991,0.0699014931699748,126.35545866964353,36.169191692789866,62.11817026267428,17.429873204448718,4.878032221367805,27412.917007468503,71.9548299352486,1213.9613965812327,351.13014575775003,train
win_0ea92b58e678d67b,dba80c84-68fd-45b2-ba28-10f10075b239,dristi,27cc7537-a40e-47c3-a98f-89dbe78e8cb9,2026-08-15T18:53:01.217000+00:00,2026-08-15T18:53:31.217000+00:00,2.6773783107275158,0.4768012815746394,6.0,0.3982908100117501,0.1315510823883872,103.91453936527958,30.711468559930903,71.74971840762007,7.838387098518483,3.0286972121504254,39123.91481746313,497.15122945998047,1195.768146526941,331.5882969456558,train
win_6dca541763e5a764,dba80c84-68fd-45b2-ba28-10f10075b239,dristi,05bc7ce0-dbdf-4bb8-babe-c66084786cd0,2026-08-14T11:53:01.217000+00:00,2026-08-14T11:53:31.217000+00:00,0.5782782629840975,0.4034360049410073,2.0,0.4201551038137464,0.14136968269623,139.69971602644029,37.35588640124124,50.44601197888473,11.363399080183532,4.207627608396217,3436.517870802925,303.37445456017207,1251.868141499353,265.07851522047304,train
win_8d91bc9ea85ef43f,dba80c84-68fd-45b2-ba28-10f10075b239,dristi,27cc7537-a40e-47c3-a98f-89dbe78e8cb9,2026-08-15T10:53:01.217000+00:00,2026-08-15T10:53:31.217000+00:00,1.5579117257412802,0.6324494663939186,7.0,0.1714679521793001,0.1565675918576344,106.28684322211208,23.99576591396885,59.22438837593815,11.334973091201594,3.359938820421099,40390.37439970164,432.99999633533713,1376.355354570357,249.72402359960464,train
win_a82c87c831551511,dba80c84-68fd-45b2-ba28-10f10075b239,dristi,05bc7ce0-dbdf-4bb8-babe-c66084786cd0,2026-08-15T19:53:01.217000+00:00,2026-08-15T19:53:31.217000+00:00,0.7784535340498742,0.9460873266595502,9.0,0.4055324084058272,0.1810213905001431,89.48660178069969,36.1233245657404,81.66240931484836,13.886438881638975,3.890350226387414,12765.743569496284,267.28728427687867,1275.4665605486912,294.8349116385963,train
win_5f90926ab2de8768,dba80c84-68fd-45b2-ba28-10f10075b239,dristi,8ba454a9-5ea9-4382-b9d1-d3842fef3cab,2026-08-14T20:53:01.217000+00:00,2026-08-14T20:53:31.217000+00:00,2.128099684143695,0.108797984216887,9.0,0.3552851993773086,0.055355335964717,129.67106157756032,35.27706259220997,111.81894998284662,26.59997215800433,3.3778036524703694,24298.626167186005,197.26731230984856,1070.9793866683067,375.7625651639773,train
win_93f0c1f26c979af7,dba80c84-68fd-45b2-ba28-10f10075b239,dristi,d840a02c-5fc4-4737-90f0-cd5b47cac023,2026-08-17T09:53:01.217000+00:00,2026-08-17T09:53:31.217000+00:00,0.7380635652864643,0.2982986785743651,1.0,0.2226518028595171,0.1520914068701945,135.9725738290175,15.357220052622887,56.879502574091184,11.86762325765372,4.410469342625555,30425.801078181263,213.41077864345863,682.3497064772454,338.87987087755937,train
win_b510bebfe9934022,dba80c84-68fd-45b2-ba28-10f10075b239,dristi,8ba454a9-5ea9-4382-b9d1-d3842fef3cab,2026-08-16T19:53:01.217000+00:00,2026-08-16T19:53:31.217000+00:00,2.1283552263982277,0.4154333445568617,9.0,0.3680288799100292,0.1746950812985419,83.85982106431582,23.874910092464194,73.02843601779571,20.31111758901823,3.777998514200332,35775.41291811252,12.496173124212415,1101.220994872671,395.56419227996247,train
win_1fc0f90bd75cc74a,dba80c84-68fd-45b2-ba28-10f10075b239,dristi,27cc7537-a40e-47c3-a98f-89dbe78e8cb9,2026-08-17T05:53:01.217000+00:00,2026-08-17T05:53:31.217000+00:00,2.5501284977002743,0.6414777659425038,8.0,0.2112866183214576,0.1975565659439335,139.28523155399458,19.130065780092863,84.96978112510675,6.850104922519472,3.608095233528754,48170.76051415241,331.6559753164639,552.6928578731003,107.98965654507408,train
win_176b5ebc1827e3e8,dba80c84-68fd-45b2-ba28-10f10075b239,dristi,27cc7537-a40e-47c3-a98f-89dbe78e8cb9,2026-08-15T12:53:01.217000+00:00,2026-08-15T12:53:31.217000+00:00,2.2917801416207,0.8959380578030799,8.0,0.1408900069804221,0.0634079635934007,144.1053963487425,26.4411246244045,63.46898596518768,5.750660256785657,3.240926374798448,22441.913735820435,169.70136678440352,611.5613073772506,101.960282310286,train
win_0b10544db75d2ad4,dba80c84-68fd-45b2-ba28-10f10075b239,dristi,8ba454a9-5ea9-4382-b9d1-d3842fef3cab,2026-08-14T16:53:01.217000+00:00,2026-08-14T16:53:31.217000+00:00,1.5026412543943473,0.4850984420880166,0.0,0.1631493020152912,0.1139393534639096,87.4787170510411,34.36676631616221,72.0766644858036,5.064849032248429,3.125911342345068,27211.860609951516,231.0827548111869,1033.01230159769,181.6955366059992,train
win_7ec7175ed157d02c,dba80c84-68fd-45b2-ba28-10f10075b239,dristi,8ba454a9-5ea9-4382-b9d1-d3842fef3cab,2026-08-15T00:53:01.217000+00:00,2026-08-15T00:53:31.217000+00:00,2.3487736506944503,0.4529203239153163,3.0,0.2097588385028786,0.1510942767053259,107.37730382613772,23.11569928416106,75.75252110539819,10.634819510699613,4.551197080869597,15799.723670386707,114.9857170677439,686.7812911993212,430.6528175519565,train
win_868b94eb864d545d,dba80c84-68fd-45b2-ba28-10f10075b239,dristi,27cc7537-a40e-47c3-a98f-89dbe78e8cb9,2026-08-15T20:53:01.217000+00:00,2026-08-15T20:53:31.217000+00:00,0.9171962588818406,0.2619461720784687,9.0,0.3186903982528181,0.1548993016601068,80.94789942119561,12.689234285332018,66.0454124714992,6.708432492874499,5.853134510708161,36480.20726824246,410.7055169245901,550.3706583935473,394.5061480828005,train
win_1a1504590f072298,dba80c84-68fd-45b2-ba28-10f10075b239,dristi,05bc7ce0-dbdf-4bb8-babe-c66084786cd0,2026-08-16T13:53:01.217000+00:00,2026-08-16T13:53:31.217000+00:00,1.125753362640714,0.3324151205884375,9.0,0.1288533226213626,0.1800062350077322,130.5268849788415,23.50544879474217,116.77102635709925,23.873040532288872,4.034317824180845,12163.927212011951,374.9903348135704,825.263913477886,365.3777413642707,train
win_574dba084fec7379,dba80c84-68fd-45b2-ba28-10f10075b239,dristi,27cc7537-a40e-47c3-a98f-89dbe78e8cb9,2026-08-16T01:53:01.217000+00:00,2026-08-16T01:53:31.217000+00:00,2.490062130185021,0.914487122800166,3.0,0.2025133666905165,0.1295894149876119,88.06476984986763,29.192250255121685,68.22186750340349,12.739831814039013,3.494100370074852,44011.26512958901,176.30813771484455,1255.3591041089976,170.73252881589713,train
win_e7a370c0b08bf3b7,dba80c84-68fd-45b2-ba28-10f10075b239,dristi,05bc7ce0-dbdf-4bb8-babe-c66084786cd0,2026-08-16T22:53:01.217000+00:00,2026-08-16T22:53:31.217000+00:00,2.66383405407969,0.515043831344728,0.0,0.3027692411711649,0.153748877222073,110.75375753069008,13.554790743439488,90.72976434828502,27.268240512695805,3.974255885755783,37288.76013253163,155.08118159667677,537.6989928124614,250.9992990213987,train
win_09b45c3217d526d7,dba80c84-68fd-45b2-ba28-10f10075b239,dristi,8ba454a9-5ea9-4382-b9d1-d3842fef3cab,2026-08-15T10:53:01.217000+00:00,2026-08-15T10:53:31.217000+00:00,0.8628811017849762,0.5182357899440271,1.0,0.1097180966723072,0.0580590324224035,114.95731251437589,28.58081934161701,85.23535872734848,5.261564244993559,5.570628126106249,43105.24400036027,127.10399715067388,1022.862240657542,234.32215041428228,train
win_01273afee21fbd3e,dba80c84-68fd-45b2-ba28-10f10075b239,dristi,8ba454a9-5ea9-4382-b9d1-d3842fef3cab,2026-08-17T02:53:01.217000+00:00,2026-08-17T02:53:31.217000+00:00,2.2285598814132803,0.4132580805072799,7.0,0.2222206401911116,0.1120381941815868,119.78680861820092,33.86362172622314,110.65635063028722,19.803996242989044,5.787315946644721,37602.09151902432,296.06285018535675,1145.2249130433331,459.50544256846456,train
win_f130d16783d6c45a,dba80c84-68fd-45b2-ba28-10f10075b239,dristi,d840a02c-5fc4-4737-90f0-cd5b47cac023,2026-08-15T02:53:01.217000+00:00,2026-08-15T02:53:31.217000+00:00,1.9431161027989223,0.8124473336529576,5.0,0.2280006956418286,0.1125877667865649,83.12928590653271,35.64829839018466,83.50574861388958,18.13350443005064,4.322286125175016,8865.011577326137,144.72748732674117,1467.8976262214,367.4027586626556,train
win_f71e95aac366ff3a,dba80c84-68fd-45b2-ba28-10f10075b239,dristi,05bc7ce0-dbdf-4bb8-babe-c66084786cd0,2026-08-16T18:53:01.217000+00:00,2026-08-16T18:53:31.217000+00:00,1.8664050218354689,0.1642356712585883,1.0,0.1952211451960218,0.148754270374591,147.0707330761994,34.281737539459044,86.0785699809054,10.917886653714223,3.0563141011320227,46860.07411381429,393.77171670186215,559.9831951339064,196.0269593324857,train
win_6465b34c42d9113c,dba80c84-68fd-45b2-ba28-10f10075b239,dristi,d840a02c-5fc4-4737-90f0-cd5b47cac023,2026-08-15T14:53:01.217000+00:00,2026-08-15T14:53:31.217000+00:00,2.3959848704989213,0.1167277771933481,6.0,0.4583438743416358,0.083017586433986,127.9949742583804,17.827452492706605,59.78353417213102,17.905237165533798,5.508857016862947,22677.037372765317,112.36325565386346,1004.9025112701588,474.66265769166216,train
win_21284ed091000215,dba80c84-68fd-45b2-ba28-10f10075b239,dristi,05bc7ce0-dbdf-4bb8-babe-c66084786cd0,2026-08-14T12:53:01.217000+00:00,2026-08-14T12:53:31.217000+00:00,0.8856124033941188,0.782541839346951,6.0,0.4871321861907037,0.0594078657732448,94.09922643395656,12.32145897898516,99.75781437111291,15.586756087662746,4.600015767941826,33975.185540456856,415.4997517041065,1206.640247746619,109.5394906067298,train
win_80aa675603547b41,dba80c84-68fd-45b2-ba28-10f10075b239,dristi,8ba454a9-5ea9-4382-b9d1-d3842fef3cab,2026-08-16T03:53:01.217000+00:00,2026-08-16T03:53:31.217000+00:00,1.4449607681225125,0.3283582952253916,8.0,0.1952773339003368,0.1227954188612425,119.68629245830364,25.54969789281082,57.41182404277314,17.87847792777003,3.989373898580636,34465.5461405699,307.6609443132705,751.181975552517,193.14024114830585,train
win_dfcd4ee064e4c409,dba80c84-68fd-45b2-ba28-10f10075b239,dristi,27cc7537-a40e-47c3-a98f-89dbe78e8cb9,2026-08-14T11:53:01.217000+00:00,2026-08-14T11:53:31.217000+00:00,2.884914240666009,0.7970440338447451,6.0,0.329286708558111,0.0747748575801909,104.70389572182104,16.915040719180837,61.412331434980594,18.381920345066696,5.012540062449841,34871.36597076792,268.9185053245602,996.4185112112546,312.4867384648451,train
win_c306bcebd514666d,dba80c84-68fd-45b2-ba28-10f10075b239,dristi,d840a02c-5fc4-4737-90f0-cd5b47cac023,2026-08-14T14:53:01.217000+00:00,2026-08-14T14:53:31.217000+00:00,1.003838535287879,0.4919889056927944,0.0,0.4843667970781561,0.1780609631310652,147.47314344609433,33.4538661434313,63.54326685339624,11.116048162965452,4.250673523273382,15791.80889696012,310.3443223433331,828.5180950636125,105.85260819561496,train
win_7a0579e50fd90713,dba80c84-68fd-45b2-ba28-10f10075b239,dristi,27cc7537-a40e-47c3-a98f-89dbe78e8cb9,2026-08-14T17:53:01.217000+00:00,2026-08-14T17:53:31.217000+00:00,0.7501741007233413,0.1927578030564711,3.0,0.4343258005586115,0.08017139736688,127.10568912416628,31.97095201881553,108.6939860179278,25.71182561823093,5.124382987747909,29154.22361704364,321.4249681587681,1089.8352169237703,432.8627174712772,train
win_5c84d839d98ac8e1,dba80c84-68fd-45b2-ba28-10f10075b239,dristi,d840a02c-5fc4-4737-90f0-cd5b47cac023,2026-08-17T07:53:01.217000+00:00,2026-08-17T07:53:31.217000+00:00,0.684072642030278,0.9360737044651783,9.0,0.3258829612044935,0.166976948461676,111.79599683455116,33.38209253531464,57.01973100612423,9.400127526210978,4.867045246597325,26111.61031588147,298.8896507289437,1453.5765807537457,301.6001103405707,train
win_4a4159fdc4cb8622,dba80c84-68fd-45b2-ba28-10f10075b239,dristi,8ba454a9-5ea9-4382-b9d1-d3842fef3cab,2026-08-17T05:53:01.217000+00:00,2026-08-17T05:53:31.217000+00:00,0.674812833407836,0.9576352741091152,3.0,0.2748018975961325,0.0584732642442349,82.08957848615752,37.63637584775846,51.606003740768,12.42449729549806,5.536876603457925,47540.58631270439,293.861170365333,986.1789699426804,430.91228024586286,train
win_da777c945178217e,dba80c84-68fd-45b2-ba28-10f10075b239,dristi,27cc7537-a40e-47c3-a98f-89dbe78e8cb9,2026-08-17T02:53:01.217000+00:00,2026-08-17T02:53:31.217000+00:00,1.9349310499622316,0.7208495627746162,0.0,0.1689220035106597,0.058622234022842,118.6622740208826,13.179302252511803,107.93065098259356,14.091312568622085,3.046192196621912,10784.043156642256,487.6965639508993,1042.753796187103,404.4996959731558,train
win_2a7ccded6db3e2b5,dba80c84-68fd-45b2-ba28-10f10075b239,dristi,27cc7537-a40e-47c3-a98f-89dbe78e8cb9,2026-08-14T23:53:01.217000+00:00,2026-08-14T23:53:31.217000+00:00,2.810209839560541,0.302264210473507,2.0,0.3285723498611481,0.1094650662318705,106.32604184177224,26.967478501780867,59.44520792194034,28.39155288764684,5.724977592535742,29028.946798614223,181.6561238981644,721.6516426157881,232.15695255265868,train
win_21c31a99f3c5836e,dba80c84-68fd-45b2-ba28-10f10075b239,dristi,8dec00b7-651f-4f45-8159-64f6f5015822,1970-01-01T00:01:11.570000+00:00,1970-01-01T00:01:41.579000+00:00,-2.493,32.254999999999995,0.0,0.495167,0.788259,0.0,0.0,0.0,0.0,0.0,2361.02,226.0,1518.2,1754.6,train
win_23391ebb852cf902,dba80c84-68fd-45b2-ba28-10f10075b239,dristi,8dec00b7-651f-4f45-8159-64f6f5015822,1970-01-01T00:01:41.579000+00:00,1970-01-01T00:02:11.573000+00:00,-2.033,22.559,4.0,0.407256,0.601795,0.0,0.0,0.0,0.0,0.0,2797.8,1722.0,892.9,1310.2,train
win_e2329f88f915f96d,dba80c84-68fd-45b2-ba28-10f10075b239,dristi,9bff92a1-dd3a-448a-8302-4bf76d6ddc6b,1970-01-01T00:00:09.888000+00:00,1970-01-01T00:00:40.537000+00:00,-3.504,29.841,0.0,0.37673,0.719353,0.0,0.0,0.0,0.0,0.0,1161.43,0.0,1302.4,1349.2,train
win_d959dcbc2b14f1cc,dba80c84-68fd-45b2-ba28-10f10075b239,dristi,9bff92a1-dd3a-448a-8302-4bf76d6ddc6b,1970-01-01T00:02:02.538000+00:00,1970-01-01T00:02:09.888000+00:00,-22.81,26.576,0.0,0.424939,0.691823,0.0,0.0,0.0,0.0,0.0,695.94,0.0,2661.5,2106.9,train
win_65d59a4a6bf834bc,dba80c84-68fd-45b2-ba28-10f10075b239,dristi,9bff92a1-dd3a-448a-8302-4bf76d6ddc6b,1970-01-01T00:00:01.512000+00:00,1970-01-01T00:00:31.522000+00:00,-1.55,21.777,6.0,0.29252,0.605367,170.29,229.04,416.61,438.44,0.53,7354.92,4889.0,1142.8,1345.9,train
win_7b073e95ce3e8137,dba80c84-68fd-45b2-ba28-10f10075b239,dristi,9bff92a1-dd3a-448a-8302-4bf76d6ddc6b,1970-01-01T00:00:31.522000+00:00,1970-01-01T00:01:01.519000+00:00,-3.7,21.537,11.0,0.320687,0.557776,189.08,213.92,403.24,463.97,0.5,4640.95,2892.0,985.3,1367.1,train
win_9b175bb936fc8520,dba80c84-68fd-45b2-ba28-10f10075b239,dristi,3101621a-6611-4c9a-bcf2-4066b246e265,1970-01-01T00:04:12.884000+00:00,1970-01-01T00:04:43.221000+00:00,-5.3340000000000005,23.534,0.0,0.323637,0.5843,0.0,0.0,0.0,0.0,0.0,1803.44,0.0,1034.3,1279.1,train
win_185d11753c66b3cc,dba80c84-68fd-45b2-ba28-10f10075b239,dristi,3101621a-6611-4c9a-bcf2-4066b246e265,1970-01-01T00:04:43.221000+00:00,1970-01-01T00:05:12.897000+00:00,-2.789,21.115,8.0,0.295469,0.536751,93.6,0.0,0.0,0.0,0.03,7230.5,366.0,947.2,1309.0,train
win_cd94bd23199e7f2e,dba80c84-68fd-45b2-ba28-10f10075b239,dristi,3101621a-6611-4c9a-bcf2-4066b246e265,1970-01-01T00:05:12.897000+00:00,1970-01-01T00:05:43.218000+00:00,-5.747000000000001,21.089,5.0,0.271719,0.465549,0.0,0.0,0.0,0.0,0.0,4860.22,965.0,1166.6,1831.1,train
win_0cf83c4879300dc0,dba80c84-68fd-45b2-ba28-10f10075b239,dristi,3101621a-6611-4c9a-bcf2-4066b246e265,1970-01-01T00:05:43.218000+00:00,1970-01-01T00:06:12.884000+00:00,-2.647,26.056,3.0,0.35289,0.555357,0.0,0.0,0.0,0.0,0.0,3578.54,0.0,873.9,1216.5,train
win_b4dfb7fedf626d5c,dba80c84-68fd-45b2-ba28-10f10075b239,dristi,3101621a-6611-4c9a-bcf2-4066b246e265,1970-01-01T00:06:12.884000+00:00,1970-01-01T00:06:42.884000+00:00,-7.033,30.402,8.0,0.31708,0.595883,0.0,0.0,0.0,0.0,0.0,9551.86,1501.0,1679.7,1912.1,train
win_37581a957a0453d6,dba80c84-68fd-45b2-ba28-10f10075b239,dristi,3101621a-6611-4c9a-bcf2-4066b246e265,1970-01-01T00:06:42.884000+00:00,1970-01-01T00:07:12.896000+00:00,-2.598,21.673,10.0,0.302801,0.500639,0.0,0.0,0.0,0.0,0.0,3917.42,2899.0,878.5,1286.2,train
win_28e20a78b1f8874f,dba80c84-68fd-45b2-ba28-10f10075b239,dristi,3101621a-6611-4c9a-bcf2-4066b246e265,1970-01-01T00:07:12.896000+00:00,1970-01-01T00:07:42.884000+00:00,-4.513999999999999,29.479000000000003,3.0,0.23696,0.422445,0.0,0.0,0.0,0.0,0.0,3700.76,225.0,1542.9,1748.6,train
win_b50ebf313356f0b3,dba80c84-68fd-45b2-ba28-10f10075b239,dristi,3101621a-6611-4c9a-bcf2-4066b246e265,1970-01-01T00:07:42.884000+00:00,1970-01-01T00:08:12.885000+00:00,-4.845999999999999,25.772,4.0,0.282226,0.546483,0.0,0.0,0.0,0.0,0.0,4229.43,972.0,1355.3,1466.0,train
win_95507f5e52a19b2b,dba80c84-68fd-45b2-ba28-10f10075b239,dristi,3101621a-6611-4c9a-bcf2-4066b246e265,1970-01-01T00:08:12.885000+00:00,1970-01-01T00:08:43.218000+00:00,-2.892,17.999000000000002,6.0,0.342136,0.509797,0.0,0.0,0.0,0.0,0.0,2109.06,741.0,716.0,1132.0,train
win_a9e05874298f934e,dba80c84-68fd-45b2-ba28-10f10075b239,dristi,3101621a-6611-4c9a-bcf2-4066b246e265,1970-01-01T00:08:43.218000+00:00,1970-01-01T00:09:13.221000+00:00,-5.804,27.413,2.0,0.222479,0.399021,0.0,0.0,0.0,0.0,0.0,809.27,493.0,1277.1,1489.2,train
win_154447db48852874,dba80c84-68fd-45b2-ba28-10f10075b239,dristi,3101621a-6611-4c9a-bcf2-4066b246e265,1970-01-01T00:09:13.221000+00:00,1970-01-01T00:09:42.894000+00:00,-3.507,24.378,9.0,0.270493,0.429318,96.6,20.49,335.76,591.11,0.3,2595.57,148.0,874.5,1226.2,train
win_da5640c226b49350,dba80c84-68fd-45b2-ba28-10f10075b239,dristi,3101621a-6611-4c9a-bcf2-4066b246e265,1970-01-01T00:09:42.894000+00:00,1970-01-01T00:10:13.221000+00:00,-5.267,25.915,11.0,0.304734,0.57143,0.0,0.0,0.0,0.0,0.0,6250.08,1122.0,1237.7,1849.0,train
win_c788886ed9e6707d,dba80c84-68fd-45b2-ba28-10f10075b239,dristi,3101621a-6611-4c9a-bcf2-4066b246e265,1970-01-01T00:10:13.221000+00:00,1970-01-01T00:10:42.891000+00:00,-3.83,21.674,8.0,0.364157,0.571367,280.82,363.26,901.34,740.39,0.17,3121.96,389.0,814.3000000000001,1067.3,train
win_598af826cf383d5f,dba80c84-68fd-45b2-ba28-10f10075b239,dristi,3101621a-6611-4c9a-bcf2-4066b246e265,1970-01-01T00:10:42.891000+00:00,1970-01-01T00:11:13.212000+00:00,-2.551,33.333,1.0,0.372074,0.665353,0.0,0.0,0.0,0.0,0.0,1965.36,0.0,1635.6999999999998,1957.0,train
win_d022df29fbd76ea2,dba80c84-68fd-45b2-ba28-10f10075b239,dristi,3101621a-6611-4c9a-bcf2-4066b246e265,1970-01-01T00:11:13.212000+00:00,1970-01-01T00:11:42.890000+00:00,-3.751,22.132,8.0,0.3269,0.533619,57.6,0.0,2000.0,0.0,0.03,4815.39,1326.0,885.6,1263.7,train
win_635c60dd5cd6243b,dba80c84-68fd-45b2-ba28-10f10075b239,dristi,3101621a-6611-4c9a-bcf2-4066b246e265,1970-01-01T00:11:42.890000+00:00,1970-01-01T00:12:12.888000+00:00,-7.985000000000001,20.583,5.0,0.315241,0.623227,0.0,0.0,0.0,0.0,0.0,2616.34,131.0,1072.2,1443.5,train
win_3c390f92de0b5f67,dba80c84-68fd-45b2-ba28-10f10075b239,dristi,3101621a-6611-4c9a-bcf2-4066b246e265,1970-01-01T00:12:12.888000+00:00,1970-01-01T00:12:43.223000+00:00,-6.213,37.861,1.0,0.103343,0.128812,0.0,0.0,0.0,0.0,0.0,1042.51,0.0,2235.4,2487.0,train
win_ee934a2772aadd41,dba80c84-68fd-45b2-ba28-10f10075b239,dristi,9c78cf5f-3af1-4853-a943-f4b652c3fae4,1970-01-01T00:00:00.847000+00:00,1970-01-01T00:00:30.848000+00:00,-2.725,17.547,10.0,0.41095,0.644319,87.4,59.73,1934.3,65.7,0.1,3141.03,623.0,709.0,1203.9,train
win_885f21e2d97f73ab,468f03a2-d7c9-4701-abf8-bb2c692f696b,manasa,e68dfd83-bb44-4626-993b-3362cea449d9,1970-01-01T00:00:03.207000+00:00,1970-01-01T00:00:33.219000+00:00,-3.37,74.34,8.0,0.34111,0.484571,95.0,40.2,135.4,0.0,0.07,4359.17,2271.11,728.1,904.0,train
win_e393cf7ef344ebef,468f03a2-d7c9-4701-abf8-bb2c692f696b,manasa,942fb1bf-f729-4da0-8e08-d14095bcdfcf,1970-01-01T00:00:12.020000+00:00,1970-01-01T00:00:42.024000+00:00,-0.972,50.25,0.0,0.228363,0.554748,0.0,0.0,0.0,0.0,0.0,1426.94,0.0,2659.0,2638.7,train
win_0593a6b024067138,468f03a2-d7c9-4701-abf8-bb2c692f696b,manasa,942fb1bf-f729-4da0-8e08-d14095bcdfcf,1970-01-01T00:00:42.024000+00:00,1970-01-01T00:01:12.028000+00:00,-5.04,32.665,3.0,0.327637,0.645369,0.0,0.0,0.0,0.0,0.0,3824.73,0.0,1278.8,1824.4,train
win_70e490fcbde271f0,468f03a2-d7c9-4701-abf8-bb2c692f696b,manasa,942fb1bf-f729-4da0-8e08-d14095bcdfcf,1970-01-01T00:01:12.028000+00:00,1970-01-01T00:01:42.028000+00:00,-1.7799999999999998,36.228,3.0,0.242913,0.54242,0.0,0.0,0.0,0.0,0.0,4788.66,0.0,1911.4,2123.2000000000003,train
win_36e2cc275f2dd406,468f03a2-d7c9-4701-abf8-bb2c692f696b,manasa,942fb1bf-f729-4da0-8e08-d14095bcdfcf,1970-01-01T00:01:42.028000+00:00,1970-01-01T00:02:12.022000+00:00,10.413,152.561,3.0,0.315813,0.397443,0.0,0.0,0.0,0.0,0.0,725.41,0.0,1227.3,1508.6,train
win_ffc9728a28209d3e,468f03a2-d7c9-4701-abf8-bb2c692f696b,manasa,942fb1bf-f729-4da0-8e08-d14095bcdfcf,1970-01-01T00:02:12.022000+00:00,1970-01-01T00:02:42.455000+00:00,-6.791,59.691,1.0,0.210664,0.387279,0.0,0.0,0.0,0.0,0.0,778.03,0.0,1108.2,985.2,train
win_aa19f9108f675917,468f03a2-d7c9-4701-abf8-bb2c692f696b,manasa,942fb1bf-f729-4da0-8e08-d14095bcdfcf,1970-01-01T00:15:00.688000+00:00,1970-01-01T00:15:12.448000+00:00,-2.8800000000000003,39.326,0.0,0.324274,0.546537,0.0,0.0,0.0,0.0,0.0,4347.65,0.0,1848.3,2196.8,train
win_804788ccca295ce4,468f03a2-d7c9-4701-abf8-bb2c692f696b,manasa,6ae6b1ad-3ebd-4091-9109-dc16551befc8,1970-01-01T00:18:33.415000+00:00,1970-01-01T00:18:38.997000+00:00,-23.568,41.944,0.0,0.536457,1.150361,0.0,0.0,0.0,0.0,0.0,698.71,0.0,3535.0,2321.8,train
win_a6cec4e548867692,468f03a2-d7c9-4701-abf8-bb2c692f696b,manasa,6ae6b1ad-3ebd-4091-9109-dc16551befc8,1970-01-01T00:20:38.986000+00:00,1970-01-01T00:21:08.999000+00:00,-0.491,14.025,0.0,0.219398,0.673258,0.0,0.0,0.0,0.0,0.0,394.14,0.0,1123.3,758.0,train
win_d0186d500a45b219,468f03a2-d7c9-4701-abf8-bb2c692f696b,manasa,6ae6b1ad-3ebd-4091-9109-dc16551befc8,1970-01-01T00:25:08.999000+00:00,1970-01-01T00:25:38.997000+00:00,0.093,24.91,0.0,0.242095,0.52627,0.0,0.0,0.0,0.0,0.0,1663.57,0.0,2424.7000000000003,2674.1000000000004,train
win_09cdc80fac14c642,468f03a2-d7c9-4701-abf8-bb2c692f696b,manasa,6ae6b1ad-3ebd-4091-9109-dc16551befc8,1970-01-01T00:28:38.997000+00:00,1970-01-01T00:29:08.984000+00:00,-4.313,36.358,0.0,0.534878,0.853111,0.0,0.0,0.0,0.0,0.0,1494.83,0.0,2133.5,2977.9,train
win_31cb973c3e90e3cd,468f03a2-d7c9-4701-abf8-bb2c692f696b,manasa,1b8db34d-f938-4d87-b78e-315476e05b56,1970-01-01T00:29:08.984000+00:00,1970-01-01T00:29:38.111000+00:00,-2.7030000000000003,54.238,2.0,0.309125,0.454982,65.3,29.1,94.8,0.0,0.07,3429.64,0.0,1260.6,2008.7,train
win_308b4c400bfdeea9,468f03a2-d7c9-4701-abf8-bb2c692f696b,manasa,f434e8b4-c562-4c95-8413-8ee6bed06cb2,1970-01-01T00:00:01.696000+00:00,1970-01-01T00:00:31.708000+00:00,-1.2979999999999998,25.725,5.0,0.327773,0.61853,173.13,45.09,710.96,611.91,0.77,3151.71,0.0,1248.9,2194.3,train
win_11e4019cc5183698,468f03a2-d7c9-4701-abf8-bb2c692f696b,manasa,bed84938-5c26-4776-a5c1-dfafb616181c,2026-08-15T04:52:58.211000+00:00,2026-08-15T04:53:28.211000+00:00,0.7634363103257307,0.5405725543119647,2.0,0.2354227030182841,0.1685289720421473,96.85540003211489,25.22495278001737,94.36447272202894,14.694314899739972,3.877624706137575,31742.16605718914,33.648023901844184,1333.9436961517642,275.98793784338045,train
win_04585188f6ef5969,468f03a2-d7c9-4701-abf8-bb2c692f696b,manasa,bed84938-5c26-4776-a5c1-dfafb616181c,2026-08-17T04:52:58.211000+00:00,2026-08-17T04:53:28.211000+00:00,0.7255481383857844,0.1948071360526098,0.0,0.4734294661096636,0.1671788262120822,115.81986591261683,11.69577619093237,78.98827421161668,29.940450699267323,4.292730681158815,32886.89086373894,91.35160125989832,672.909347092579,176.38370522468705,train
win_35cabdfe991720a7,468f03a2-d7c9-4701-abf8-bb2c692f696b,manasa,e3b1241c-dc36-4812-ba05-47cbf46120c8,2026-08-14T21:52:58.211000+00:00,2026-08-14T21:53:28.211000+00:00,0.5033753639548371,0.6385586371844284,6.0,0.2046922794019942,0.1741811694859344,112.44544285583092,33.75722337322864,61.08160128347929,27.65140725016228,4.886945491559025,5158.97426910809,252.0593495168351,1023.7147774589552,263.42881320871504,train
win_6dc7fe9af8fc7afb,468f03a2-d7c9-4701-abf8-bb2c692f696b,manasa,c565b9ef-2cbb-424c-970f-c61fd2e45677,2026-08-16T05:52:58.211000+00:00,2026-08-16T05:53:28.211000+00:00,1.161052851089429,0.4768444739024156,9.0,0.4932324355489778,0.1241541293088443,108.47179139672622,39.81520301672437,88.72473186830621,9.770658654690084,3.69253220433166,4552.935871141415,390.1495589293519,1273.1115324076436,127.61290790227008,train
win_31db45094feef24a,468f03a2-d7c9-4701-abf8-bb2c692f696b,manasa,e3b1241c-dc36-4812-ba05-47cbf46120c8,2026-08-16T11:52:58.211000+00:00,2026-08-16T11:53:28.211000+00:00,1.1416255864604172,0.2903554010395731,5.0,0.4403597567489962,0.1654699080059787,87.10305869901407,28.72476482793304,103.9188487965535,6.696732541904266,5.488409359197748,13377.2871106607,357.07198790890703,1449.165429848773,333.77330560366806,train
win_a9f6df7b270bbecf,468f03a2-d7c9-4701-abf8-bb2c692f696b,manasa,c565b9ef-2cbb-424c-970f-c61fd2e45677,2026-08-15T09:52:58.211000+00:00,2026-08-15T09:53:28.211000+00:00,0.6931694332271622,0.1205765844513015,8.0,0.3558555278933151,0.0578696739821237,131.54295646042297,17.224378167061236,59.38496595423206,25.184077795227907,5.133990598154565,28061.712459336388,329.8984921323876,1391.9111365373565,229.87859106696632,train
win_bedb5dcc98c56147,468f03a2-d7c9-4701-abf8-bb2c692f696b,manasa,e3b1241c-dc36-4812-ba05-47cbf46120c8,2026-08-16T05:52:58.211000+00:00,2026-08-16T05:53:28.211000+00:00,1.2047110564965908,0.3656448418624923,3.0,0.4320762962493906,0.1682602504546421,147.38102551054533,19.45265312376145,91.82141892331376,19.41758529319061,5.764897830586797,24621.442402437107,275.8245376013828,1469.654912445788,424.2935556772921,train
win_94cdb50a7d7068e9,468f03a2-d7c9-4701-abf8-bb2c692f696b,manasa,c565b9ef-2cbb-424c-970f-c61fd2e45677,2026-08-17T09:52:58.211000+00:00,2026-08-17T09:53:28.211000+00:00,2.265198758281307,0.2509436693122484,0.0,0.1226493963220099,0.0521611948937002,147.54165261634762,24.91250909178737,96.31054470573083,9.390384061515364,3.6710285097930058,34079.40927134461,202.10266566708108,720.9891900710163,239.8477294460101,train
win_86bfc0f0e0c2ce6c,468f03a2-d7c9-4701-abf8-bb2c692f696b,manasa,bed84938-5c26-4776-a5c1-dfafb616181c,2026-08-16T22:52:58.211000+00:00,2026-08-16T22:53:28.211000+00:00,1.254968345681746,0.8558752625464223,10.0,0.4858261809182395,0.1254925140316398,122.15684617050287,30.451014488351685,60.40462431348459,14.510061188596357,4.910444798045589,35941.5772659798,416.7184900567102,1374.001452199101,108.74771196448138,train
win_263a20b68c166ff5,468f03a2-d7c9-4701-abf8-bb2c692f696b,manasa,e3b1241c-dc36-4812-ba05-47cbf46120c8,2026-08-14T18:52:58.211000+00:00,2026-08-14T18:53:28.211000+00:00,0.8409638317501886,0.2089063409694805,9.0,0.4800463972112677,0.1613962171232503,149.8122283201144,39.37260724609082,85.6506259943205,5.764841994433127,5.9096769289068805,27523.63861987852,65.1022724690823,1199.2001303924246,487.22390341895465,train
win_ce5a41068c7dee1b,468f03a2-d7c9-4701-abf8-bb2c692f696b,manasa,e3b1241c-dc36-4812-ba05-47cbf46120c8,2026-08-14T19:52:58.211000+00:00,2026-08-14T19:53:28.211000+00:00,0.9084586622654018,0.8525116425484489,10.0,0.1223998601065629,0.1367000013057332,118.97644724567992,25.971538712597216,53.291211752920574,16.873734649583376,4.643126693788132,25198.885386022383,178.64588516330122,572.1126749437865,219.8602656358924,train
win_89023ca1eda6db8b,468f03a2-d7c9-4701-abf8-bb2c692f696b,manasa,bed84938-5c26-4776-a5c1-dfafb616181c,2026-08-16T17:52:58.211000+00:00,2026-08-16T17:53:28.211000+00:00,1.4348968868384344,0.7288395163057083,10.0,0.231682995756308,0.0746350201667374,129.663070615798,11.31161524358142,79.59750536969854,15.051514633066954,3.391613620466848,28391.085551056774,422.2908765116336,1340.4001106962305,359.9247981949126,train
win_3a21d15e745f2250,468f03a2-d7c9-4701-abf8-bb2c692f696b,manasa,bed84938-5c26-4776-a5c1-dfafb616181c,2026-08-15T11:52:58.211000+00:00,2026-08-15T11:53:28.211000+00:00,2.733417132476933,0.9226263964390228,8.0,0.2316388879457387,0.073447417556672,121.45849885120282,10.560910163472448,71.03755187755662,10.439534682141757,3.752463261632036,48068.97986545793,64.63974040204579,841.2093354566972,471.47263190873895,train
win_a111c214666b9edf,468f03a2-d7c9-4701-abf8-bb2c692f696b,manasa,e3b1241c-dc36-4812-ba05-47cbf46120c8,2026-08-16T14:52:58.211000+00:00,2026-08-16T14:53:28.211000+00:00,1.4523780306498604,0.1533125739549514,4.0,0.1242660175872373,0.1585529450911899,101.7229615547452,18.192282804254603,92.97002496499528,21.29298938752118,5.003174439423512,10165.501422529962,129.24018102735187,617.311085746235,489.0431740407508,train
win_0ad5067a15888fad,468f03a2-d7c9-4701-abf8-bb2c692f696b,manasa,c565b9ef-2cbb-424c-970f-c61fd2e45677,2026-08-14T20:52:58.211000+00:00,2026-08-14T20:53:28.211000+00:00,1.2266530541593028,0.5489172063690702,7.0,0.3538651793329269,0.1743876282483896,104.89873980593492,17.929467419004666,113.04570075577558,10.487965199735406,5.376014201212595,8816.993735871365,347.08010020116785,526.6856765959235,440.7121070658269,train
win_0248a0c490969310,468f03a2-d7c9-4701-abf8-bb2c692f696b,manasa,bed84938-5c26-4776-a5c1-dfafb616181c,2026-08-17T01:52:58.211000+00:00,2026-08-17T01:53:28.211000+00:00,1.411157215169507,0.1786565732965747,4.0,0.2755132357052497,0.0533075065872966,90.13555710947588,20.22899641398945,78.62262329063714,17.38068874318901,3.5552973459979573,21470.9490548518,383.3008810906217,731.6433149901864,313.91322516130845,train
win_1df05ed3bb05d7d7,468f03a2-d7c9-4701-abf8-bb2c692f696b,manasa,c565b9ef-2cbb-424c-970f-c61fd2e45677,2026-08-15T20:52:58.211000+00:00,2026-08-15T20:53:28.211000+00:00,1.9039744309671427,0.2232158842465253,9.0,0.3929336717384941,0.0510160666476325,135.5414354991397,27.1257227935741,58.30835767640279,12.520300823650423,3.5648874437210294,16789.28882349701,87.49245208356598,677.5615813675364,228.98198442206285,train
win_2a99f0d21d11997e,468f03a2-d7c9-4701-abf8-bb2c692f696b,manasa,c565b9ef-2cbb-424c-970f-c61fd2e45677,2026-08-14T13:52:58.211000+00:00,2026-08-14T13:53:28.211000+00:00,2.9766883088645866,0.9907148864375278,6.0,0.3376366252080943,0.0561575479292474,112.10830452953992,16.55809325522145,86.3928006924371,26.65303884260327,3.7156265465865417,26871.644308575786,40.14727694954368,559.1355864969121,403.73153436325407,train
win_7af090ef3f10423c,468f03a2-d7c9-4701-abf8-bb2c692f696b,manasa,c565b9ef-2cbb-424c-970f-c61fd2e45677,2026-08-15T15:52:58.211000+00:00,2026-08-15T15:53:28.211000+00:00,2.8724602750026973,0.311519459999071,4.0,0.2016722444934086,0.1585014577330247,97.9700967327087,27.53776283999533,68.02391712269144,18.75734529922375,4.84050964514806,37020.92793596655,194.90080604916832,535.7773443332607,369.9686928292462,train
win_d5757c4e07524bb0,468f03a2-d7c9-4701-abf8-bb2c692f696b,manasa,e3b1241c-dc36-4812-ba05-47cbf46120c8,2026-08-16T10:52:58.211000+00:00,2026-08-16T10:53:28.211000+00:00,2.0223036373565915,0.8953288365099265,8.0,0.2097007642480897,0.1686749173309926,102.7565276230562,33.803187599394434,58.672806779547386,12.5411209672904,5.897590485630763,36748.34315900351,493.14556893821606,1051.5341546919922,261.15701773373894,train
win_a39ea68819bdcc79,468f03a2-d7c9-4701-abf8-bb2c692f696b,manasa,e3b1241c-dc36-4812-ba05-47cbf46120c8,2026-08-17T04:52:58.211000+00:00,2026-08-17T04:53:28.211000+00:00,0.8656534851057804,0.1384177046545646,6.0,0.3149661885136059,0.091686582771848,144.2851167217767,31.79691736431685,50.48108564873139,15.419678194065565,3.1961268415754667,27020.710059003846,67.81226368493243,1215.6271133576813,140.26936723767508,train
win_dec08d8a965e579c,468f03a2-d7c9-4701-abf8-bb2c692f696b,manasa,e3b1241c-dc36-4812-ba05-47cbf46120c8,2026-08-15T11:52:58.211000+00:00,2026-08-15T11:53:28.211000+00:00,1.280521997971892,0.2208677477933118,4.0,0.3039275754184988,0.1106257092684726,123.17022284176934,11.97077791188338,83.82039285622076,21.72715269838462,3.430216027437574,8669.283803734845,119.5624207422551,923.44819068095,213.61632798783324,train
win_1a86a2e69130674a,468f03a2-d7c9-4701-abf8-bb2c692f696b,manasa,c565b9ef-2cbb-424c-970f-c61fd2e45677,2026-08-16T00:52:58.211000+00:00,2026-08-16T00:53:28.211000+00:00,2.263308896383029,0.988749078508972,8.0,0.2655513483992971,0.062218917438429,87.60221081066001,25.164258696942102,65.25964992229343,13.4991297959277,5.83058960498128,12936.857677518192,31.23707407286308,1177.5794138347485,203.07391568103824,train
win_29d7571255864a28,468f03a2-d7c9-4701-abf8-bb2c692f696b,manasa,bed84938-5c26-4776-a5c1-dfafb616181c,2026-08-17T08:52:58.211000+00:00,2026-08-17T08:53:28.211000+00:00,1.0406552493926908,0.2603703583574276,1.0,0.4236026561387541,0.1111827219411769,148.3618066685851,20.654395836856885,51.610870295419886,17.861259615929413,5.614620460058613,1135.6614082926278,321.6915828129643,1105.5380086651217,138.38836940621377,train
win_1698728b56bdb692,468f03a2-d7c9-4701-abf8-bb2c692f696b,manasa,bed84938-5c26-4776-a5c1-dfafb616181c,2026-08-15T01:52:58.211000+00:00,2026-08-15T01:53:28.211000+00:00,0.6017170493384162,0.2212866362222463,4.0,0.104067493296221,0.0554358225349526,92.96159575845306,26.3322844377166,62.2350051699772,21.275373201425527,3.232703551611438,42712.1470958752,401.713714225249,1148.3726671959366,164.69201326551683,train
win_26c0239b852d2675,468f03a2-d7c9-4701-abf8-bb2c692f696b,manasa,e3b1241c-dc36-4812-ba05-47cbf46120c8,2026-08-14T20:52:58.211000+00:00,2026-08-14T20:53:28.211000+00:00,2.8194875232743803,0.3936133102318548,4.0,0.4739256002942068,0.1546877221183548,99.67604298593888,10.074956035062332,64.1870633373162,25.58316300192766,4.754432122898656,1444.0578701733166,185.79233745360068,1273.528037866885,347.4581343556642,train
win_f948dd998915743f,468f03a2-d7c9-4701-abf8-bb2c692f696b,manasa,bed84938-5c26-4776-a5c1-dfafb616181c,2026-08-16T23:52:58.211000+00:00,2026-08-16T23:53:28.211000+00:00,0.8643826622399435,0.1867191679870495,6.0,0.4391938851613209,0.1432221001879509,105.46829560573973,23.950225470610334,69.89634199812858,23.993556521289907,3.121542490966049,22872.764148650207,483.0065119695678,1284.5706199240803,314.6406691644687,train
win_b44da002bc24061b,468f03a2-d7c9-4701-abf8-bb2c692f696b,manasa,bed84938-5c26-4776-a5c1-dfafb616181c,2026-08-16T02:52:58.211000+00:00,2026-08-16T02:53:28.211000+00:00,2.8507442437943165,0.167916771515026,8.0,0.3125427709453932,0.1606130515751531,129.11111003453595,14.40117458244201,112.5382588881145,13.526836475148547,3.972812615845157,26868.24323281111,221.42648391653995,1487.9537371068895,169.41385287174518,train
win_ca5f5a65aff7475c,468f03a2-d7c9-4701-abf8-bb2c692f696b,manasa,bed84938-5c26-4776-a5c1-dfafb616181c,2026-08-14T14:52:58.211000+00:00,2026-08-14T14:53:28.211000+00:00,0.6577165798671412,0.5504093765906674,6.0,0.1976454372491618,0.058926289684291,129.71359759909262,26.57487062120553,79.62757642694109,5.663194751956345,4.509221849673283,25567.56839736184,61.759589274227366,1029.6089254505598,100.28525524950398,train
win_647863c42ddb6837,468f03a2-d7c9-4701-abf8-bb2c692f696b,manasa,e3b1241c-dc36-4812-ba05-47cbf46120c8,2026-08-15T23:52:58.211000+00:00,2026-08-15T23:53:28.211000+00:00,1.3917658784726643,0.6259660349842734,10.0,0.2104276252520208,0.0898669759461802,81.63592885796152,30.543559263573723,76.21518129388951,7.052909250763504,5.770541511112935,26899.23171601696,402.8122062766076,1177.8371258162274,427.51890728754506,train
win_208114ee6561be65,468f03a2-d7c9-4701-abf8-bb2c692f696b,manasa,e3b1241c-dc36-4812-ba05-47cbf46120c8,2026-08-14T23:52:58.211000+00:00,2026-08-14T23:53:28.211000+00:00,2.911461203552065,0.3104501865872925,2.0,0.2596450473334969,0.0734797465972195,148.16349541826472,26.58923390097048,119.76372479126334,19.86049234952566,3.744341304755404,11069.909780118383,98.86326677980269,985.6081835327018,270.65985976221566,train
win_4a8e6974bc0e8307,468f03a2-d7c9-4701-abf8-bb2c692f696b,manasa,c565b9ef-2cbb-424c-970f-c61fd2e45677,2026-08-17T03:52:58.211000+00:00,2026-08-17T03:53:28.211000+00:00,1.0434444958924467,0.4329577020380453,8.0,0.2598073234594069,0.1480884345689872,109.27515360714848,25.96631693450441,75.40420859466042,20.997602764522878,5.963420946431897,2736.0315296651925,145.96651363712814,585.6943126911115,247.5919661937224,train
win_9a1cb9b43735f4fc,468f03a2-d7c9-4701-abf8-bb2c692f696b,manasa,bed84938-5c26-4776-a5c1-dfafb616181c,2026-08-16T11:52:58.211000+00:00,2026-08-16T11:53:28.211000+00:00,2.5451143021148206,0.5908115552187336,7.0,0.2233598591401703,0.0852511507444931,91.0619531337805,11.095335537280992,52.36668103636477,29.13459200402427,4.425704540596739,13742.71519653245,487.8413808825942,732.126612143225,380.49157547412,train
win_98f91834475ff914,4958d349-1ff1-4f6b-8344-fca7d4d717aa,vyas,ab8aa270-082d-4529-9b11-ad17b456a161,2026-08-16T13:53:04.099000+00:00,2026-08-16T13:53:34.099000+00:00,2.91030061708051,0.8689769358370101,5.0,0.3306216173961506,0.0938263691516418,140.162894159137,36.252741196845385,95.1956538967436,9.892341230633654,4.540034820736992,35343.21295295711,479.0427853452856,1077.532748237428,277.1231348790937,train
win_61142e07f7fa2d42,4958d349-1ff1-4f6b-8344-fca7d4d717aa,vyas,dd8db810-64d3-4a3e-b264-bbb8473ae07b,2026-08-15T14:53:04.099000+00:00,2026-08-15T14:53:34.099000+00:00,0.6131213715507859,0.7816207397085161,1.0,0.3540419431844042,0.1710051482230556,106.69443880529307,15.326264574647148,91.1808526867284,8.81452975596724,3.1772657815040453,49529.47603721479,405.1790254559108,567.2499357317968,483.5710629312838,train
win_97ee2ba5b4006790,4958d349-1ff1-4f6b-8344-fca7d4d717aa,vyas,dd8db810-64d3-4a3e-b264-bbb8473ae07b,2026-08-16T14:53:04.099000+00:00,2026-08-16T14:53:34.099000+00:00,1.1124259775432974,0.3715357157772976,10.0,0.1986478181743092,0.189399819196836,89.86527007010551,21.062112409969775,88.55408818322219,14.085969404807104,4.7962317598306985,27894.36262969592,388.6414903904343,1128.5958245944948,270.3203104576051,train
win_5c4ab977534725be,4958d349-1ff1-4f6b-8344-fca7d4d717aa,vyas,3049d141-ca28-439a-869d-c8f2d5b5b882,2026-08-14T10:53:04.099000+00:00,2026-08-14T10:53:34.099000+00:00,2.960555067143987,0.1964911167993978,5.0,0.4702611028787813,0.0824758176517662,118.30962437746508,36.013009781258134,111.94184174015268,23.858122432451665,5.710007105262116,22083.41813725958,111.81368008202648,868.6915760960069,187.13002687048595,train
win_5b66f416eed2c9cd,4958d349-1ff1-4f6b-8344-fca7d4d717aa,vyas,ab8aa270-082d-4529-9b11-ad17b456a161,2026-08-16T14:53:04.099000+00:00,2026-08-16T14:53:34.099000+00:00,0.6965952653442951,0.8761714035010413,8.0,0.400757771237857,0.143922642512,120.76195946315566,11.936215181734411,84.18753891094744,14.022205296026224,3.007857952411583,22602.147476852217,97.55886952828108,1191.7603456484594,356.03887835811366,train
win_f105d2f5db7a0dca,4958d349-1ff1-4f6b-8344-fca7d4d717aa,vyas,ab8aa270-082d-4529-9b11-ad17b456a161,2026-08-16T21:53:04.099000+00:00,2026-08-16T21:53:34.099000+00:00,2.420108247385077,0.7880964673254031,1.0,0.3032391852222977,0.1054895861581366,125.94168190444051,17.334269053204974,76.65811917777205,20.81790298051265,3.0198272390624754,3526.079073028583,71.15398985125427,1468.7452774174349,450.85515424877167,train
win_5cea9cace82e62d5,4958d349-1ff1-4f6b-8344-fca7d4d717aa,vyas,ab8aa270-082d-4529-9b11-ad17b456a161,2026-08-15T15:53:04.099000+00:00,2026-08-15T15:53:34.099000+00:00,1.3145990488124737,0.1091225590825913,3.0,0.2676010142113069,0.133251245106248,120.12729879629644,12.216308400154112,86.53329374840462,23.13931394822176,3.556147071463726,44370.16370518372,279.4108938118277,500.5251661918819,496.58605755159766,train
win_15417dd9874c3a9a,4958d349-1ff1-4f6b-8344-fca7d4d717aa,vyas,dd8db810-64d3-4a3e-b264-bbb8473ae07b,2026-08-14T18:53:04.099000+00:00,2026-08-14T18:53:34.099000+00:00,2.200960939877472,0.6948628731159691,7.0,0.355471517522576,0.1133405592406292,101.88465199514084,20.14401387940385,74.72007963055503,5.650600687150671,3.6518903033683383,26315.24322638404,489.5709492087015,806.6869122731657,474.5009411338629,train
win_a9290bd076c6872f,4958d349-1ff1-4f6b-8344-fca7d4d717aa,vyas,dd8db810-64d3-4a3e-b264-bbb8473ae07b,2026-08-14T22:53:04.099000+00:00,2026-08-14T22:53:34.099000+00:00,1.8992024452469611,0.4472928247577803,3.0,0.1966810745246422,0.1311191285827306,97.46858107176983,31.70603379696357,105.5079125619166,27.57612231694107,4.3422409699346565,38544.79293430659,71.41428729809424,739.0660617138074,344.31416118968724,train
win_2fc88b5e2b5a1998,4958d349-1ff1-4f6b-8344-fca7d4d717aa,vyas,3049d141-ca28-439a-869d-c8f2d5b5b882,2026-08-17T09:53:04.099000+00:00,2026-08-17T09:53:34.099000+00:00,2.5004177782955006,0.6912727329987304,3.0,0.3501367743461326,0.1478265649889431,121.1431006826751,17.38043605331358,59.640816673701366,24.20784324940979,4.057280301956448,18717.522041348155,327.74063002688564,823.8596850412567,263.6415479459487,train
win_78beca9a7907c8c9,4958d349-1ff1-4f6b-8344-fca7d4d717aa,vyas,ab8aa270-082d-4529-9b11-ad17b456a161,2026-08-16T12:53:04.099000+00:00,2026-08-16T12:53:34.099000+00:00,1.4973729627476873,0.8155005027045008,6.0,0.1367381890764055,0.180089229827588,118.28964190355362,12.94824195923142,64.1157948557307,10.40686402154912,4.527481060756784,27414.96493736875,307.0221405994624,1412.0365511598893,222.030975393794,train
win_178b83be3482b0fd,4958d349-1ff1-4f6b-8344-fca7d4d717aa,vyas,ab8aa270-082d-4529-9b11-ad17b456a161,2026-08-16T05:53:04.099000+00:00,2026-08-16T05:53:34.099000+00:00,1.0390241637480666,0.7265990499633522,6.0,0.2456256647533811,0.1363130410922648,135.24295583651005,38.70080066860052,91.55421157581164,8.652330391356724,4.433242758378851,18511.91065343885,366.9574799393741,545.6111865770217,367.4841940798093,train
win_b0b50f9eff05fe4a,4958d349-1ff1-4f6b-8344-fca7d4d717aa,vyas,3049d141-ca28-439a-869d-c8f2d5b5b882,2026-08-14T11:53:04.099000+00:00,2026-08-14T11:53:34.099000+00:00,2.040396411405992,0.8072863603668136,0.0,0.2910682796550413,0.1480944287470131,92.6813207554184,26.28919036819263,103.65944113748034,21.96116648608773,3.409128116298648,29601.76606726189,264.82256685085235,569.695248969977,352.1148667167407,train
win_edae6cbc594dfed9,4958d349-1ff1-4f6b-8344-fca7d4d717aa,vyas,ab8aa270-082d-4529-9b11-ad17b456a161,2026-08-16T01:53:04.099000+00:00,2026-08-16T01:53:34.099000+00:00,0.7380967941458303,0.2451398243463284,8.0,0.286318203107003,0.1188734794370936,112.20537824357764,37.92792649723996,88.01476045924356,26.977856257207414,5.095920774433919,3539.6892941810447,420.08453595764536,517.8945572969791,173.23169549927889,train
win_ca170ea43ebc916c,4958d349-1ff1-4f6b-8344-fca7d4d717aa,vyas,ab8aa270-082d-4529-9b11-ad17b456a161,2026-08-14T22:53:04.099000+00:00,2026-08-14T22:53:34.099000+00:00,1.88786610317826,0.3670832769245032,6.0,0.1533175770793281,0.1273716162349518,94.5468600519064,12.780449706282337,92.23874886767996,28.875874358951464,5.574823746789408,42106.55421923365,405.2135340618178,943.7659656393538,374.3842409221643,train
win_3856a62b7ed612e9,4958d349-1ff1-4f6b-8344-fca7d4d717aa,vyas,dd8db810-64d3-4a3e-b264-bbb8473ae07b,2026-08-15T11:53:04.099000+00:00,2026-08-15T11:53:34.099000+00:00,2.6128554790670364,0.5086309389745417,5.0,0.1213925742823455,0.1784387200764806,130.21583217000034,21.072324768669382,62.42763346274068,11.01686127900626,5.574182739915486,4368.981226359898,229.74305483630303,744.8676813485013,380.1147054436116,train
win_56812580b00b7dbb,4958d349-1ff1-4f6b-8344-fca7d4d717aa,vyas,3049d141-ca28-439a-869d-c8f2d5b5b882,2026-08-14T09:53:04.099000+00:00,2026-08-14T09:53:34.099000+00:00,2.3802423113210525,0.3070950201181169,4.0,0.1065295239411953,0.1227866455430868,92.18636565244026,15.68760175858397,71.90392595942936,6.2079178360377085,5.976203194170537,45882.51846453107,228.84672152977737,518.7424299271008,411.82720057499466,train
win_2ae4cdff6836f24c,4958d349-1ff1-4f6b-8344-fca7d4d717aa,vyas,ab8aa270-082d-4529-9b11-ad17b456a161,2026-08-15T11:53:04.099000+00:00,2026-08-15T11:53:34.099000+00:00,2.60397438078816,0.4336280670721675,1.0,0.2861370515787677,0.1345226312226277,100.0463264803958,39.4051538485911,52.88686591180771,6.57017434672278,5.355531313974769,16431.869537589475,389.2924832859149,1284.112690072931,358.99656010934746,train
win_795391b5ddba800b,4958d349-1ff1-4f6b-8344-fca7d4d717aa,vyas,dd8db810-64d3-4a3e-b264-bbb8473ae07b,2026-08-15T08:53:04.099000+00:00,2026-08-15T08:53:34.099000+00:00,2.464203369416408,0.9460282075379052,10.0,0.4683691585278662,0.1062003796988947,87.61454809160645,21.184213415886404,53.148008388490986,13.768354504049915,5.3736833433043145,46401.08394880843,25.22140231718073,964.3945501352536,248.8910954518886,train
win_a3e83eb9d8785d99,4958d349-1ff1-4f6b-8344-fca7d4d717aa,vyas,3049d141-ca28-439a-869d-c8f2d5b5b882,2026-08-17T05:53:04.099000+00:00,2026-08-17T05:53:34.099000+00:00,1.887172948492645,0.9725632553028352,4.0,0.3263035563102124,0.1312441102594448,126.8185695708372,26.20651745923863,75.63568332934881,6.790245342157898,3.2613178108255525,14792.026998505862,328.13239288610737,656.6067835005126,287.3265615734907,train
win_32afac4f11a2ea66,4958d349-1ff1-4f6b-8344-fca7d4d717aa,vyas,ab8aa270-082d-4529-9b11-ad17b456a161,2026-08-15T12:53:04.099000+00:00,2026-08-15T12:53:34.099000+00:00,0.6815366594277592,0.5419966602084115,9.0,0.4952495043770254,0.1386302851846118,103.85196171990836,25.877495819393864,80.26000476949805,22.23218794747981,5.593987511825896,24932.81394974235,30.24841129921485,533.5896106256184,283.22569597401906,train
win_55009d8f9f2ef620,4958d349-1ff1-4f6b-8344-fca7d4d717aa,vyas,dd8db810-64d3-4a3e-b264-bbb8473ae07b,2026-08-16T16:53:04.099000+00:00,2026-08-16T16:53:34.099000+00:00,1.012532634952667,0.9890406280478568,9.0,0.3386683981965227,0.1854728003629237,146.3442942058461,13.784408134188308,69.43588240369618,13.077765389752043,4.096706733626368,14470.459017509187,391.33825936660486,1163.2046765374032,253.2332733965967,train
win_220854241d6ce06a,4958d349-1ff1-4f6b-8344-fca7d4d717aa,vyas,dd8db810-64d3-4a3e-b264-bbb8473ae07b,2026-08-16T03:53:04.099000+00:00,2026-08-16T03:53:34.099000+00:00,1.121378068949904,0.3784624132632184,6.0,0.1256376966433595,0.139867568658848,122.44343947398627,11.76438557308715,91.76491824851432,12.717853050849772,5.199156569611928,7129.250600575932,372.4859607500472,1334.918691216183,423.2697976799224,train
win_4bb79595e6be64a1,4958d349-1ff1-4f6b-8344-fca7d4d717aa,vyas,dd8db810-64d3-4a3e-b264-bbb8473ae07b,2026-08-14T23:53:04.099000+00:00,2026-08-14T23:53:34.099000+00:00,1.806034815464911,0.1151379156278212,0.0,0.3585714649011361,0.0942783351618734,90.79752768049312,22.965407071425886,98.8840812466093,10.87248096949476,3.998990728657689,17800.515839726508,231.19773737637672,829.1925107616926,175.27600910157946,train
win_4ddcf56df4099f1e,4958d349-1ff1-4f6b-8344-fca7d4d717aa,vyas,dd8db810-64d3-4a3e-b264-bbb8473ae07b,2026-08-15T13:53:04.099000+00:00,2026-08-15T13:53:34.099000+00:00,1.3393580721197882,0.8025144533223035,1.0,0.430089599287593,0.0523144191406183,117.36941262522656,23.94963271535988,110.5721836011445,23.591472162843697,3.10076005963237,3306.928505554188,236.50552314190264,1277.1788022554776,349.36345545695576,train
win_d80f94d193b8ec00,4958d349-1ff1-4f6b-8344-fca7d4d717aa,vyas,dd8db810-64d3-4a3e-b264-bbb8473ae07b,2026-08-17T00:53:04.099000+00:00,2026-08-17T00:53:34.099000+00:00,2.7671680389962674,0.3166861072307896,4.0,0.3354288340459417,0.1925573135794284,109.10452078433444,19.753720196470184,62.359680291564096,11.15489913873956,5.096020177268133,39962.59649019663,204.1185602010343,1452.941238062363,285.53566543508543,train
win_5ad7c527fcbb12f0,4958d349-1ff1-4f6b-8344-fca7d4d717aa,vyas,3049d141-ca28-439a-869d-c8f2d5b5b882,2026-08-14T15:53:04.099000+00:00,2026-08-14T15:53:34.099000+00:00,1.838270605535812,0.8533348686196435,6.0,0.1882349424238451,0.0813547053791634,142.39141745070327,34.406062416032675,65.67174452940654,19.852932673588743,4.247696654753254,31666.249625904857,326.1517286783473,522.0812225988287,450.55596031147417,train
win_7bfad3f0200b3681,4958d349-1ff1-4f6b-8344-fca7d4d717aa,vyas,3049d141-ca28-439a-869d-c8f2d5b5b882,2026-08-15T19:53:04.099000+00:00,2026-08-15T19:53:34.099000+00:00,2.110054998004359,0.9298595083626192,3.0,0.4251866515942674,0.1491444177072887,129.32604775075322,25.530064483011408,76.39195041468268,12.83476513071673,4.237644892089542,44342.933595825336,140.15533341522928,1273.670152906483,442.15875051542406,train
win_733039f51efb5f15,4958d349-1ff1-4f6b-8344-fca7d4d717aa,vyas,ab8aa270-082d-4529-9b11-ad17b456a161,2026-08-15T02:53:04.099000+00:00,2026-08-15T02:53:34.099000+00:00,1.3053420253157049,0.119623834814717,8.0,0.2407400361528961,0.179738187964797,90.16485646835552,26.635661705852566,96.24463751447873,18.230089388083133,4.754440359266589,45309.44708272432,475.44646281767234,987.8127951157472,449.679568586886,train
win_54469fe12cd47af3,4958d349-1ff1-4f6b-8344-fca7d4d717aa,vyas,ab8aa270-082d-4529-9b11-ad17b456a161,2026-08-14T17:53:04.099000+00:00,2026-08-14T17:53:34.099000+00:00,1.1524762487981968,0.4626987545320985,4.0,0.2464864456012444,0.0950323389144428,131.88498065671698,21.567694526385072,114.55698337383213,21.606939670666293,3.259088009086188,7505.467468395165,249.16468877056943,1083.4433790698722,375.657358798424,train
win_f44b495f21329233,4958d349-1ff1-4f6b-8344-fca7d4d717aa,vyas,dd8db810-64d3-4a3e-b264-bbb8473ae07b,2026-08-16T21:53:04.099000+00:00,2026-08-16T21:53:34.099000+00:00,2.9618965975238702,0.5361998128888827,1.0,0.2027117794127513,0.1927028198926932,129.03075447738084,38.984993647377294,51.938383249539285,19.56990189420608,3.988404130871636,23158.59263985072,156.88611742277092,708.8513253222459,496.7615725169695,train
win_fe36524315a51b2c,4958d349-1ff1-4f6b-8344-fca7d4d717aa,vyas,3049d141-ca28-439a-869d-c8f2d5b5b882,2026-08-16T19:53:04.099000+00:00,2026-08-16T19:53:34.099000+00:00,1.2985185532083647,0.3450369643076633,7.0,0.3844094392473171,0.138904020723811,88.23031607202837,32.385720254768344,81.3587212050181,18.578092456100546,3.2666747227356048,12246.05960403155,51.79725234218413,529.5389964227988,305.9055331947531,train
win_bdd497ebe4419ae1,4958d349-1ff1-4f6b-8344-fca7d4d717aa,vyas,dd8db810-64d3-4a3e-b264-bbb8473ae07b,2026-08-14T21:53:04.099000+00:00,2026-08-14T21:53:34.099000+00:00,1.894074863107808,0.7587455214578027,0.0,0.394297235620758,0.0505710136838851,85.96475235527618,13.855792247956623,90.44782895503997,25.842830666702376,4.863545322215896,24685.61945831576,59.03161047764844,915.7782565546064,185.97222503628512,train
win_5894cb9d74e3c053,4958d349-1ff1-4f6b-8344-fca7d4d717aa,vyas,3049d141-ca28-439a-869d-c8f2d5b5b882,2026-08-17T08:53:04.099000+00:00,2026-08-17T08:53:34.099000+00:00,2.6166589827379854,0.599893608043465,7.0,0.4123931464499138,0.1519216980923659,88.01764867227779,13.196498213245034,112.51233409553268,10.148091888013704,4.049444545472527,17352.000360402217,31.230865641736937,979.451071109641,384.2153857182545,train
win_56ed32a0dd04cc82,4958d349-1ff1-4f6b-8344-fca7d4d717aa,vyas,3049d141-ca28-439a-869d-c8f2d5b5b882,2026-08-15T09:53:04.099000+00:00,2026-08-15T09:53:34.099000+00:00,1.7240384334167096,0.9126955102151052,4.0,0.4731440077556305,0.0886232919485016,105.09712433704516,32.07174671157188,100.97091836382948,12.408201962045815,5.667331185211239,14711.35631878045,337.7483126708194,1277.2556357906628,355.99422367064494,train
win_5a33aec2f1e5e0ef,4958d349-1ff1-4f6b-8344-fca7d4d717aa,vyas,fabcc866-0af6-4c58-b795-fdb8040fd04f,1970-01-01T00:02:44.621000+00:00,1970-01-01T00:03:14.622000+00:00,-1.4760000000000002,25.758,3.0,0.18917,0.235235,0.0,0.0,0.0,0.0,0.0,4949.82,0.0,1543.3,1487.3,train
