model,score,accuracy,precision,recall,f1,roc_auc,far,frr,eer,latency_ms
Weighted Fusion,0.5630387881490062,0.9321453571551562,0.8200374019339537,0.8748421717171717,0.8434784380334732,0.95938854148541,0.05285863378679105,0.1251578282828283,0.08824501436693903,0.023472774049449183
LightGBM,0.5187307540254616,0.8818823598250655,0.6738513037350247,0.867739898989899,0.7536520601148261,0.9577891724804399,0.11336141497583968,0.132260101010101,0.11027230001873256,0.026145948781332595
CatBoost,0.5144886080947587,0.8797769591826704,0.674055004661412,0.8424873737373737,0.7473064124435199,0.955654724157023,0.11022848758119613,0.15751262626262624,0.10842519580551449,0.05121955655028204
XGBoost,0.4963231005316347,0.8632168140252025,0.640846921895309,0.8167929292929292,0.7128187293157855,0.9511762415706573,0.12372606484228957,0.1832070707070707,0.12184488509182786,0.02040088061962164
MLP,0.48990540018294687,0.8986388539325522,0.8405172413793103,0.6372316919191919,0.7224901889838292,0.905155536179608,0.03200013350438964,0.36276830808080807,0.18250003377673066,0.004045295495605089
Random Forest,0.4742022732608032,0.8614428561042262,0.666497564935065,0.6761837121212121,0.6695155874097835,0.9352040421144865,0.09002926428413148,0.32381628787878786,0.11613161782386311,0.32433162855652614
ExtraTrees,0.45957126959062805,0.8342236631742798,0.5715025252525252,0.8101325757575758,0.6665880585543095,0.9091960982892617,0.15842639473224598,0.18986742424242423,0.17672595451430212,0.23044212009564807
Isolation Forest,0.25314510002484136,0.6506279510237769,0.33625187687687685,0.6499842171717172,0.44220360461841735,0.6692506748107023,0.34915862058875435,0.35001578282828283,0.3495872017085186,0.07523550203216292
OC-SVM,0.24449933891122388,0.630343108048528,0.31491700608768014,0.6360006313131313,0.4201725864647213,0.6955618603018574,0.37104807956373936,0.36399936868686866,0.36752372412530404,0.00405905441074192
Local Outlier Factor,0.1845326389787158,0.5612616563854067,0.27459814848931463,0.602935606060606,0.3746054493534665,0.6269529155043646,0.4488506643672212,0.39706439393939397,0.41139256852338635,0.01127100181190307
TabFM,0.016826827675884483,0.20711384225992713,0.20711384225992713,1.0,0.3430390053475817,0.5,1.0,0.0,0.5,14.31059517656544
